id,predicted
7ae19de7bc2a,26627 15 27329 18 28031 20 28734 21 29436 23 30139 24 30842 25 31546 25 32250 24 32955 23 33659 22 34364 19 35069 16 35774 12 36479 9
7ae19de7bc2a,224279 4 224977 17 225679 19 226380 22 227082 24 227784 26 228487 26 229191 24 229895 22 230600 20 231307 15
7ae19de7bc2a,74418 5 75120 8 75822 10 76524 12 77226 12 77927 13 78628 15 79329 17 80031 18 80734 18 81437 18 82141 17 82845 16 83549 15 84253 15 84958 13 85662 12 86366 12 87071 10 87776 9 88481 8 89186 7 89891 6
7ae19de7bc2a,146708 7 147412 10 148116 12 148820 14 149524 15 150228 17 150932 19 151636 21 152341 22 153046 23 153751 24 154456 25 155161 25 155867 25 156574 23 157282 20 157990 16 158698 12 159406 8
7ae19de7bc2a,178898 3 179601 4 180304 6 181008 6 181711 7 182414 8 183118 9 183821 10 184525 10 185228 12 185932 12 186636 12 187340 13 188044 13 188748 13 189453 12 190158 11 190862 11 191567 10 192272 9 192977 8 193682 7
7ae19de7bc2a,225620 7 226324 9 227027 12 227731 13 228434 15 229138 16 229842 17 230546 17 231250 18 231955 18 232659 18 233364 17 234070 15 234776 14 235481 13 236187 10 236893 8 237598 7 238304 4
7ae19de7bc2a,95714 3 96417 5 97121 6 97825 7 98529 8 99233 9 99937 9 100641 10 101345 10 102049 11 102753 11 103457 11 104161 12 104865 12 105569 12 106274 11 106978 11 107682 11 108387 10 109091 10 109796 8 110500 8 111204 8 111909 6 112614 5 113318 4
7ae19de7bc2a,138838 3 139541 5 140244 7 140948 8 141652 8 142356 9 143060 9 143764 10 144468 10 145172 10 145876 11 146580 11 147285 10 147989 10 148694 9 149398 9 150103 8 150807 8 151512 7 152217 6 152922 5 153627 4
7ae19de7bc2a,155596 3 156297 6 156998 9 157700 11 158402 12 159105 12 159809 11 160513 10 161217 9 161921 7 162625 6 163329 5 164033 4 164737 2 165441 1
7ae19de7bc2a,140003 16 140706 21 141410 21 142114 21 142818 21 143522 21 144226 21 144930 21 145635 19 146339 19 147043 18 147747 18 148451 17 149155 17 149860 15 150564 15 151268 15 151973 14 152677 13 153382 12 154087 10 154792 8
7ae19de7bc2a,177345 13 178043 21 178745 23 179449 24 180153 24 180857 23 181561 23 182265 23 182969 22 183673 21 184377 20 185081 19 185786 17 186490 16 187194 15 187899 12 188603 11 189307 10 190011 9 190716 7 191421 5
7ae19de7bc2a,317495 4 318194 14 318896 16 319597 19 320299 21 321001 23 321703 25 322405 27 323107 29 323809 31 324511 32 325214 31 325917 29 326621 21 327325 12 328030 7
7ae19de7bc2a,176808 2 177510 6 178213 7 178917 7 179620 9 180323 10 181026 11 181729 12 182433 13 183137 13 183841 13 184545 13 185249 13 185953 13 186657 13 187361 13 188065 12 188769 12 189473 11 190178 10 190882 9 191587 7 192291 6 192996 4
7ae19de7bc2a,148229 3 148931 7 149633 9 150336 11 151039 13 151742 14 152444 17 153147 19 153850 20 154554 20 155258 20 155962 20 156666 21 157371 20 158075 20 158779 20 159484 19 160189 18 160894 17 161599 16 162304 15 163010 13 163715 12 164421 10 165126 8
7ae19de7bc2a,354409 5 355111 8 355814 9 356517 11 357219 13 357922 14 358626 14 359329 15 360033 14 360737 14 361442 12 362146 11 362851 9 363555 9 364259 8 364964 6
7ae19de7bc2a,207960 9 208663 12 209366 13 210070 13 210773 14 211477 14 212181 14 212885 13 213589 12 214293 12 214997 11 215701 10 216406 7 217110 5
7ae19de7bc2a,330704 3 331408 3 332112 4 332816 4 333520 4 334224 5 334928 5 335632 6 336336 6 337040 7 337744 7 338448 8 339152 9 339855 10 340559 11 341263 11 341967 12 342671 13 343375 13 344079 15 344783 16 345487 18 346191 18 346895 19 347599 19 348303 19 349007 19 349711 19 350415 19 351119 19 351823 19 352527 19 353231 19 353935 19 354640 18 355344 18 356049 17 356753 18 357458 17 358163 15 358867 15 359572 14 360277 13 360981 13 361686 12 362392 10 363096 10 363801 9 364505 9 365210 8
7ae19de7bc2a,288266 5 288969 8 289673 9 290377 9 291080 11 291784 11 292488 12 293192 12 293897 10 294601 10 295306 9 296010 8 296715 6 297419 5 298124 3 298829 2
7ae19de7bc2a,449 3 1151 7 1855 8 2558 10 3262 11 3966 11 4670 12 5374 12 6078 13 6782 13 7487 12 8191 12 8895 12 9600 11 10305 9 11010 7
7ae19de7bc2a,164312 5 165014 10 165716 15 166419 19 167122 21 167826 21 168530 21 169234 21 169939 20 170643 20 171348 18 172052 18 172756 17 173461 15 174166 11
7ae19de7bc2a,40224 2 40926 5 41629 6 42333 6 43036 7 43740 8 44444 8 45147 10 45851 10 46555 10 47258 12 47962 12 48666 12 49370 12 50074 11 50778 10 51482 8 52187 4
7ae19de7bc2a,39969 3 40666 15 41369 18 42072 22 42776 23 43481 24 44185 25 44893 23 45600 19 46317 6
7ae19de7bc2a,43697 7 44398 11 45098 15 45796 21 46496 23 47199 23 47901 24 48603 25 49306 25 50010 25 50714 24 51419 22 52126 19
7ae19de7bc2a,186616 4 187318 7 188021 9 188724 11 189427 12 190131 13 190834 15 191538 15 192242 16 192946 16 193650 17 194354 17 195059 16 195763 16 196469 13
7ae19de7bc2a,319958 3 320662 4 321366 6 322070 7 322773 9 323477 9 324181 10 324885 10 325588 11 326292 11 326996 11 327700 11 328404 11 329108 10 329812 10 330516 10 331220 10 331923 11 332627 10 333331 10 334036 9 334740 8 335445 7 336150 6 336854 5 337559 3
7ae19de7bc2a,60100 7 60803 9 61506 10 62209 12 62912 13 63616 14 64320 14 65024 15 65728 15 66433 15 67138 14 67843 14 68549 13 69254 13 69961 10 70667 8 71372 7 72078 5
7ae19de7bc2a,132813 11 133515 15 134219 15 134923 15 135627 15 136332 15 137037 14 137741 14 138446 13 139151 12 139856 11 140562 9 141267 8 141972 7
7ae19de7bc2a,183924 6 184628 7 185332 8 186036 9 186740 10 187445 10 188149 12 188853 14 189558 15 190262 16 190966 16 191671 15 192375 15 193079 15 193783 15 194488 14 195192 14 195897 13 196601 13 197306 12 198010 11 198715 10 199419 10 200124 9 200828 8 201533 7 202238 6 202943 5 203648 3
7ae19de7bc2a,103673 3 104376 6 105080 7 105784 9 106488 10 107192 11 107896 12 108599 14 109303 15 110007 15 110711 15 111416 14 112122 11 112828 6
7ae19de7bc2a,64117 2 64820 5 65523 7 66226 8 66930 9 67634 9 68337 10 69041 10 69745 10 70449 10 71153 10 71856 11 72560 10 73264 9 73967 9 74671 7 75376 4
7ae19de7bc2a,298360 9 299063 14 299767 17 300470 19 301172 23 301874 25 302566 4 302576 27 303269 38 303973 38 304677 37 305381 37 306085 37 306788 38 307492 38 308196 38 308900 38 309604 17 309629 13 310308 13 310339 7 311012 10 311047 1 311716 8 312420 6
7ae19de7bc2a,14021 7 14720 16 15420 23 16122 27 16827 26 17531 26 18236 24 18941 22 19646 20 20351 16 21056 13 21763 8
7ae19de7bc2a,255156 7 255859 12 256562 15 257267 17 257972 18 258677 19 259382 20 260087 20 260793 20 261498 21 262204 20 262909 19 263616 16
7ae19de7bc2a,32527 3 33230 4 33933 5 34636 6 35339 6 36043 5 36746 6 37448 7 38151 8 38854 8 39556 10 40259 10 40961 12 41663 13 42366 14 43068 15 43771 16 44474 17 45177 17 45881 17 46584 18 47287 18 47991 18 48694 18 49398 18 50101 19 50805 18 51509 18 52213 17 52917 16 53621 16 54326 14 55030 12 55734 10 56439 6
7ae19de7bc2a,258517 7 259220 10 259924 11 260628 12 261332 13 262036 14 262740 15 263444 15 264148 16 264852 16 265557 15 266262 14 266966 15 267671 14 268375 14 269080 10 269784 8 270488 6 271193 2
7ae19de7bc2a,278981 9 279682 13 280384 16 281088 16 281792 16 282496 17 283200 18 283904 18 284608 19 285312 19 286016 20 286720 20 287424 20 288129 19 288833 19 289538 18 290243 16 290948 14 291654 11 292360 6
7ae19de7bc2a,132609 5 133312 6 134016 6 134720 7 135424 7 136128 7 136832 7 137536 7 138240 7 138943 8 139647 9 140351 9 141055 9 141759 9 142464 9 143168 9 143872 9 144576 10 145280 10 145984 10 146688 11 147392 11 148096 12 148801 11 149505 11 150209 12 150913 12 151617 13 152322 13 153026 13 153731 12 154435 12 155140 11 155845 10 156550 8 157255 6
7ae19de7bc2a,59198 4 59901 6 60605 6 61308 8 62012 9 62715 11 63418 13 64122 15 64826 16 65530 18 66234 18 66939 17 67643 16 68347 15 69051 13 69755 12 70459 11 71163 10 71867 8 72571 7 73276 5
7ae19de7bc2a,88886 6 89589 9 90292 11 90996 13 91700 14 92404 15 93108 16 93812 17 94516 17 95220 17 95924 17 96628 16 97331 15 98035 13 98739 11 99443 9 100147 7 100853 4
7ae19de7bc2a,204352 4 205055 6 205759 6 206463 7 207166 8 207870 9 208574 9 209278 10 209981 11 210685 11 211389 12 212093 12 212797 12 213502 12 214206 12 214911 12 215616 11 216321 10
7ae19de7bc2a,341762 4 342464 6 343167 7 343870 8 344573 9 345276 10 345978 12 346682 11 347384 13 348088 13 348790 14 349494 14 350197 14 350900 15 351603 16 352306 16 353010 16 353713 16 354417 15 355120 16 355824 16 356528 15 357232 15 357936 15 358640 15 359344 15 360048 14 360752 14 361457 12 362162 11 362867 9 363572 7
7ae19de7bc2a,49540 2 50242 6 50945 8 51649 9 52353 10 53057 12 53761 13 54465 14 55169 15 55873 16 56578 15 57283 14 57987 14 58692 11 59399 4
7ae19de7bc2a,47747 5 48446 15 49148 19 49849 22 50550 25 51254 24 51958 23 52661 23 53365 22 54069 21 54773 20 55477 19 56181 18 56885 17 57590 15 58294 14 58999 12 59703 12 60408 10 61113 8 61818 6 62522 5
7ae19de7bc2a,101401 14 102101 22 102803 26 103505 28 104209 27 104915 24 105620 21 106326 16 107034 8
7ae19de7bc2a,196693 1 197396 5 198100 7 198804 10 199508 12 200212 14 200917 15 201621 17 202325 18 203029 19 203734 19 204438 19 205142 19 205847 18 206551 18 207256 16 207969 6 208675 2
7ae19de7bc2a,276 3 980 6 1684 10 2389 12 3093 14 3798 15 4503 16 5207 17 5912 17 6616 19 7321 20 8026 19 8730 19 9435 19 10139 18 10844 17 11549 16 12253 16 12958 15 13662 15 14367 14 15072 12 15776 12 16480 12 17185 11 17890 10 18595 7
7ae19de7bc2a,109414 2 110117 5 110820 8 111524 10 112228 12 112932 13 113636 15 114340 16 115044 17 115748 19 116452 20 117156 21 117861 21 118567 19 119276 14 119985 8
7ae19de7bc2a,305363 4 306061 11 306764 14 307468 16 308172 19 308876 19 309580 20 310285 19 310989 21 311694 20 312399 20 313104 20 313810 19 314516 17 315221 17 315926 16 316631 16 317336 15 318041 14 318746 13 319451 12 320157 10 320862 9 321567 8 322272 6 322977 4
7ae19de7bc2a,218433 1 219136 5 219840 6 220544 7 221248 9 221953 10 222658 10 223362 12 224067 12 224771 14 225476 14 226181 13 226886 13 227591 13 228296 12 229001 12 229706 11 230411 11 231117 9 231823 8 232529 6
7ae19de7bc2a,279262 12 279966 16 280670 18 281374 20 282078 22 282783 22 283488 22 284193 22 284899 21 285605 21 286312 19 287018 18 287725 16 288431 15 289138 12 289844 10 290549 9 291255 7 291961 5
7ae19de7bc2a,1982 9 2684 14 3387 16 4089 18 4793 18 5496 18 6200 18 6904 17 7608 15 8313 13 9018 10 9723 8 10429 5 11135 2
7ae19de7bc2a,106429 4 107131 10 107835 12 108539 13 109243 14 109947 14 110651 14 111356 12 112061 10 112767 7 113472 5 114177 3
7ae19de7bc2a,78207 6 78909 8 79610 12 80313 13 81016 14 81720 14 82423 15 83127 15 83830 16 84534 16 85238 16 85942 16 86646 16 87350 16 88054 15 88760 13 89466 10 90170 9 90875 8 91579 7 92283 6
7ae19de7bc2a,282488 5 283185 13 283886 17 284589 18 285293 18 285998 17 286703 16 287408 15 288112 15 288818 12 289524 9 290232 2
7ae19de7bc2a,263183 3 263887 5 264590 7 265294 9 265998 11 266702 12 267406 13 268110 15 268814 16 269518 17 270222 19 270926 20 271630 20 272334 20 273039 19 273744 18
7ae19de7bc2a,119104 5 119807 8 120510 10 121214 11 121918 13 122622 15 123326 16 124031 16 124736 16 125441 16 126146 15 126851 14 127556 13 128262 11 128968 9 129675 5
7ae19de7bc2a,188664 7 189367 9 190071 9 190774 11 191478 11 192182 10 192885 11 193589 11 194293 11 194997 11 195701 11 196404 12 197108 12 197812 12 198517 11 199221 11 199925 11 200629 11 201333 11 202038 10 202742 10 203447 9 204151 9 204857 7 205562 6 206268 4 206973 2
7ae19de7bc2a,248083 11 248787 16 249491 19 250195 21 250900 22 251605 23 252310 24 253016 23 253722 23 254428 22 255134 21 255841 18 256549 13 257257 10
7ae19de7bc2a,208952 10 209656 16 210361 16 211065 16 211769 15 212474 15 213179 14 213884 14 214589 13 215295 11 216000 10 216705 8 217410 6
7ae19de7bc2a,62 11 763 14 1463 18 2165 19 2867 21 3569 22 4273 21 4977 20 5681 19 6385 18 7089 16 7793 15 8497 13 9201 12 9905 10 10610 8 11313 8 12017 7 12721 6 13426 3
7ae19de7bc2a,245831 4 246535 5 247239 7 247943 9 248647 10 249352 11 250057 13 250761 13 251466 13 252171 13 252876 13 253580 14 254286 13 254991 13 255695 13 256400 12 257105 10 257810 9 258515 2
7ae19de7bc2a,187301 7 188003 12 188706 15 189410 15 190114 16 190818 16 191522 16 192226 16 192931 15 193635 15 194339 15 195044 15 195748 15 196452 15 197156 15 197860 14 198564 14 199268 12 199973 10 200677 8
7ae19de7bc2a,62831 3 63534 5 64238 6 64941 8 65645 8 66348 10 67052 10 67756 10 68460 11 69164 11 69868 11 70572 11 71277 10 71981 10 72685 10 73390 9 74094 9 74799 8 75503 7 76208 6 76912 5 77616 5 78321 4 79025 4 79730 2 80434 3 81139 1
7ae19de7bc2a,293214 1 293917 3 294621 3 295324 4 296028 4 296732 5 297435 6 298139 6 298843 6 299546 7 300250 7 300953 9 301657 9 302360 10 303064 10 303767 11 304471 12 305174 13 305878 13 306582 13 307286 13 307990 13 308694 13 309398 13 310102 13 310807 12 311511 12 312215 12 312920 11 313624 11 314329 10 315033 10 315738 9 316442 8 317147 6
7ae19de7bc2a,523 8 1226 10 1929 12 2633 12 3336 14 4040 14 4744 14 5449 13 6153 13 6858 13 7562 13 8267 12 8972 12 9677 11 10382 10 11087 10 11792 9 12497 8 13202 7 13908 5
7ae19de7bc2a,235971 4 236675 6 237379 8 238083 9 238787 11 239491 13 240195 14 240899 16 241603 17 242308 18 243013 19 243718 20 244423 21 245129 19 245835 17 246542 14 247247 12 247953 9 248658 7 249363 6 250070 3
7ae19de7bc2a,323378 6 324081 9 324785 11 325489 12 326193 13 326897 14 327601 15 328305 16 329010 15 329715 15 330420 15 331125 15 331830 15 332536 14 333242 13 333948 11 334656 8 335362 6
7ae19de7bc2a,219498 13 220202 13 220906 13 221610 13 222314 13 223018 14 223722 15 224426 15 225130 15 225835 15 226539 15 227243 16 227948 15 228652 15 229357 15 230061 14 230766 12 231471 9 232176 7 232884 1
7ae19de7bc2a,229398 15 230098 21 230801 24 231505 25 232210 24 232914 23 233619 22 234325 20 235031 15
7ae19de7bc2a,227559 1 228260 8 228963 11 229666 14 230370 15 231074 15 231778 15 232482 15 233187 14 233892 12 234598 9
7ae19de7bc2a,28640 5 29342 8 30045 11 30748 14 31451 18 32155 21 32859 24 33563 26 34267 26 34972 25 35676 25 36381 24 37086 22 37791 20 38497 9
7ae19de7bc2a,38506 5 39201 18 39903 21 40606 23 41309 25 42013 25 42717 25 43422 24 44128 22 44837 17 45543 14 46252 7
7ae19de7bc2a,209957 6 210661 13 211364 20 212063 27 212767 30 213471 31 214175 31 214879 32 215584 32 216290 31 216997 28 217705 24 218412 21 219120 16 219835 5
7ae19de7bc2a,115460 5 116163 8 116867 12 117571 13 118275 14 118979 15 119683 16 120387 16 121091 17 121795 18 122499 18 123203 18 123907 14 124614 8
7ae19de7bc2a,77593 3 78279 6 78291 9 78981 23 79683 25 80386 26 81090 25 81794 25 82499 24 83203 24 83908 22 84613 21 85318 19 86023 14 86038 1 86729 10
7ae19de7bc2a,84050 7 84754 8 85458 9 86162 9 86866 10 87570 10 88275 10 88979 10 89683 11 90388 10 91092 11 91797 10 92501 11 93206 11 93910 11 94615 11 95319 12 96023 12 96728 12 97432 13 98137 12 98841 13 99545 13 100250 12 100954 12 101658 11 102363 10 103067 9 103771 9 104475 8 105179 8 105884 6 106588 6 107292 5
7ae19de7bc2a,15467 8 16168 11 16871 12 17573 14 18276 15 18979 16 19681 16 20383 17 21086 16 21789 16 22492 15 23195 15 23899 14 24603 13 25307 12 26011 11 26715 10 27419 10 28123 9 28828 7 29533 5
7ae19de7bc2a,216470 13 217173 16 217877 17 218581 18 219285 18 219989 18 220693 18 221397 19 222101 19 222806 18 223510 18 224215 17 224921 15 225627 13 226333 11 227039 9 227744 8
7ae19de7bc2a,115081 2 115784 4 116487 6 117190 8 117894 9 118597 11 119301 12 120006 12 120710 13 121415 13 122119 14 122823 15 123527 16 124231 17 124936 17 125640 18 126345 17 127050 17 127756 16 128462 15 129168 13 129875 10 130582 6
7ae19de7bc2a,15533 5 16234 8 16936 11 17638 14 18341 15 19045 16 19748 17 20451 18 21155 17 21858 17 22562 14 23265 12 23968 11 24672 6 25376 4
7ae19de7bc2a,1206 8 1908 12 2611 13 3313 16 4016 17 4718 19 5422 19 6126 20 6830 20 7534 20 8239 19 8944 18 9649 17 10355 15 11061 13 11766 11 12471 9 13176 7 13882 3
7ae19de7bc2a,345806 3 346503 14 347202 20 347905 22 348608 23 349312 23 350016 23 350719 24 351423 23 352127 23 352831 23 353535 22 354240 21 354944 21 355648 21 356352 21 357056 21 357760 20 358464 19 359167 18 359871 17 360574 17 361277 17 361980 16 362683 16 363386 15 364089 14 364792 14 365498 7
7ae19de7bc2a,15413 6 16116 6 16818 9 17521 10 18224 12 18926 15 19627 19 20329 22 21033 21 21737 18 22442 14 23149 7
7ae19de7bc2a,131052 12 131752 19 132454 21 133156 23 133858 23 134561 22 135263 20 135966 19 136668 18 137370 18 138073 16 138777 12 139481 8
7ae19de7bc2a,126037 9 126739 12 127441 14 128143 16 128842 21 129543 24 130243 27 130946 28 131650 27 132354 27 133058 26 133763 25 134467 24 135172 22 135877 20 136581 19 137286 18 137990 17 138695 16 139399 15 140103 14 140807 13 141511 11 142215 9 142919 7 143623 6 144327 5 145030 5 145734 4 146438 3 147142 2
7ae19de7bc2a,65416 4 66120 7 66825 7 67529 9 68234 10 68939 10 69644 11 70348 12 71053 12 71758 12 72462 13 73167 12 73871 13 74575 13 75280 13 75984 13 76688 13 77393 13 78097 13 78802 12 79506 13 80211 12 80916 11 81621 11 82325 11 83030 10 83735 10 84440 9 85145 8 85849 9 86554 8 87259 7 87963 8 88667 8 89372 7 90076 7 90780 7 91485 6 92189 6 92894 5 93599 4 94303 4
7ae19de7bc2a,219801 2 220504 5 221208 6 221911 8 222615 8 223319 9 224023 10 224727 11 225431 11 226136 11 226840 12 227545 12 228250 10 228955 8 229660 6 230366 4 231071 3 231777 1
7ae19de7bc2a,326177 4 326881 6 327584 8 328287 10 328991 11 329694 12 330398 13 331102 13 331806 13 332510 14 333215 13 333920 13 334625 12 335330 11 336036 9 336741 5
7ae19de7bc2a,264324 11 265025 15 265726 18 266429 19 267133 19 267837 18 268541 17 269245 16 269949 15 270653 14 271358 13 272062 12 272766 12 273469 12 274173 12 274877 12 275581 11 276285 11 276989 11 277693 10 278397 10 279102 9 279806 9 280511 7 281216 6 281923 2
7ae19de7bc2a,111737 1 112441 8 113145 9 113849 9 114553 9 115257 10 115961 10 116663 12 117366 13 118071 12 118775 12 119479 12 120182 13 120886 14 121590 14 122294 14 122998 13 123702 13 124406 13 125110 13 125815 12 126519 12 127223 11 127928 10 128632 10 129337 9 130041 8 130745 8 131450 7 132154 7 132860 4
7ae19de7bc2a,111019 9 111716 16 112417 19 113120 20 113823 20 114527 19 115231 19 115935 18 116639 18 117343 17 118047 17 118751 16 119455 16 120160 14 120866 12 121572 9 122276 8 122982 5
7ae19de7bc2a,235742 10 236445 14 237149 16 237853 18 238558 18 239262 20 239968 19 240676 17 241381 17 242085 19 242781 1 242789 21 243496 19 244201 19 244907 18 245616 14
7ae19de7bc2a,262507 5 263212 11 263916 15 264621 18 265327 20 266033 20 266738 21 267444 21 268149 21 268855 20 269561 19 270267 17 270972 17 271679 15 272385 13 273092 9
7ae19de7bc2a,343988 6 344691 8 345393 10 346095 13 346798 14 347501 15 348204 16 348881 3 348907 17 349584 6 349610 17 350288 9 350312 18 350992 16 351013 20 351697 38 352401 37 353105 36 353809 35 354513 34 355217 33 355921 32 356626 30 357330 29 358034 28 358738 27 359442 25 360146 4 360153 17 360850 4 360857 16 361554 22 362258 21 362962 20 363666 19 364370 18 365074 10
7ae19de7bc2a,199084 3 199788 4 200491 5 201195 6 201899 6 202602 8 203305 10 204006 13 204708 16 205411 17 206115 18 206819 18 207524 17 208228 17 208933 13 209638 8 210344 2
7ae19de7bc2a,199807 6 200510 8 201213 10 201915 13 202618 16 203320 20 204023 22 204726 23 205430 23 206134 22 206838 21 207542 21 208246 20 208951 1 208962 8 209655 1 209672 1 210360 1 211064 1 211784 1
7ae19de7bc2a,46906 5 47605 10 48307 12 49008 15 49711 15 50414 15 51117 15 51821 15 52525 14 53229 13 53934 12 54638 11 55343 10 56049 6 56754 4
7ae19de7bc2a,73911 8 74613 10 75316 11 76019 12 76723 12 77426 12 78129 13 78832 13 79535 13 80238 14 80941 14 81644 14 82348 13 83051 13 83755 12 84458 12 85162 12 85865 12 86568 12 87272 11 87975 11 88678 11 89382 10 90085 10 90789 9 91492 9 92196 8 92900 6 93604 5 94308 4
7ae19de7bc2a,288518 8 289217 15 289909 28 290612 30 291316 30 292020 31 292724 31 293428 32 294133 31 294838 30 295544 28 296250 26 296956 24 297665 18 298377 5
7ae19de7bc2a,278363 10 279062 28 279766 34 280470 38 281175 38 281881 37 282588 34 283294 31 284000 27 284706 23 285416 12
7ae19de7bc2a,346210 1 346914 3 347618 4 348322 6 349026 7 349730 8 350434 8 351138 9 351842 9 352546 9 353250 8 353954 8 354658 7
7ae19de7bc2a,96544 6 97243 13 97944 17 98643 22 99345 24 100051 21 100757 18 101463 16 102169 13 102875 10 103581 7 104289 1
7ae19de7bc2a,324546 2 325250 3 325954 5 326658 6 327362 7 328066 8 328770 10 329474 10 330178 11 330882 12 331586 13 332290 14 332994 15 333698 15 334402 16 335107 16 335812 18 336517 22 337221 23 337926 24 338630 25 339334 26 340039 25 340743 26 341448 26 342153 27 342858 27 343563 28 344268 28 344973 27 345677 28 346382 27 347087 26 347792 25 348496 25 349201 24 349905 24 350609 24 351314 23 352018 22 352722 22 353426 21 354130 21 354834 7 354844 11 355538 7 355550 9 356242 6 356254 9 356946 6 356958 9 357650 6 357662 10 358354 6 358369 7 359058 6 359075 6 359762 5 359779 6 360466 5 360484 5 361170 5 361189 4 361873 6 362577 6 363281 6 363985 6 364690 4
7ae19de7bc2a,260274 4 260977 7 261680 10 262384 12 263088 13 263792 14 264495 16 265199 18 265902 20 266606 21 267310 22 268014 23 268718 23 269422 23 270126 23 270830 23 271534 22 272239 20 272943 18 273647 17 274351 16 275055 15 275760 12 276464 11 277168 9 277874 5
7ae19de7bc2a,117882 7 118586 10 119290 11 119994 12 120698 12 121403 12 122108 11 122812 11 123517 10 124222 9 124927 9 125632 7 126338 4
7ae19de7bc2a,187250 5 187949 12 188646 18 189349 18 190052 19 190755 19 191459 19 192163 19 192868 17 193574 15 194279 14 194985 12 195690 11 196397 7
7ae19de7bc2a,348656 6 349358 10 350061 11 350765 12 351468 13 352172 15 352876 15 353580 15 354284 15 354988 15 355692 15 356396 15 357101 14 357805 14 358510 13 359215 12 359920 11 360625 10 361330 9 362036 7 362741 6
7ae19de7bc2a,103291 3 103995 7 104698 10 104718 4 105402 27 106105 29 106808 30 107512 29 108215 25 108919 21 109622 20 110326 18 111029 17 111733 4 111738 11 112437 4 112449 3 113140 5 113154 1 113843 6 113858 1 114547 6 114562 1 115251 6 115954 7 116658 5 117362 4 118066 5 118770 5 119474 5 120179 3 120884 2 121588 2 122293 1 122997 1 129336 1 130049 1 132858 2 132864 1 133563 5
7ae19de7bc2a,163028 1 163728 6 164431 8 165134 9 165836 11 166539 12 167242 13 167945 14 168648 15 169351 16 170054 17 170757 18 171461 18 172164 19 172867 19 173571 19 174274 19 174978 19 175681 19 176385 18 177088 17 177791 17 178495 15 179198 14 179902 13 180605 13 181309 12 182012 12 182715 13 183419 12 184123 11 184826 11 185530 10 186234 9 186937 9 187642 7 188346 7 189051 5
7ae19de7bc2a,137080 5 137103 6 137783 7 137805 8 138487 6 138507 9 139189 9 139207 12 139891 31 140595 29 141299 28 142002 28 142706 26 143409 26 144113 25 144817 24 145520 24 146224 23 146928 22 147633 20 148338 19 149043 17 149750 13 150456 10 151161 8 151867 4
7ae19de7bc2a,3371 7 4068 17 4769 23 5471 25 6176 24 6881 23 7587 21 8293 19 9002 6
7ae19de7bc2a,244749 5 245453 7 246157 9 246861 10 247565 11 248269 12 248973 14 249677 15 250381 17 251086 17 251790 18 252495 18 253200 18 253904 19 254610 18 255315 18 256020 18 256726 17 257432 16 258138 15 258843 15 259548 14 260252 15 260957 14 261662 14 262367 13 263072 12 263777 12 264482 11 265187 10 265892 9 266597 8 267302 7 268007 6 268713 4 269418 2
7ae19de7bc2a,206811 8 207505 1 207507 17 208205 23 208908 25 209612 26 210316 28 211020 29 211724 29 212430 27 213136 25 213842 22 214547 6 215251 4
7ae19de7bc2a,38279 8 38980 12 39682 15 40384 17 41088 17 41792 17 42496 17 43201 16 43907 14 44613 11 45320 6
7ae19de7bc2a,335457 3 336158 7 336860 10 337562 12 338265 14 338968 15 339672 15 340376 16 341080 16 341784 17 342488 17 343192 17 343896 18 344600 18 345304 18 346011 15 346718 12 347425 9
7ae19de7bc2a,80000 4 80704 8 81408 10 82112 12 82816 13 83520 14 84225 14 84929 15 85634 15 86339 15 87044 15 87750 14 88455 14 89160 14 89866 13 90571 14 91276 14 91981 14 92687 12 93392 12 94097 11 94803 9 95509 7
7ae19de7bc2a,84416 1 85120 3 85824 3 86528 5 87232 6 87936 8 88640 9 89344 11 90047 13 90749 16 91450 19 92150 23 92854 21 93558 20 94263 18 94967 18 95671 17 96375 16 97079 15 97783 14 98487 12 99191 11 99895 10 100598 10 101302 9 102006 8 102709 8 103413 7 104117 6 104821 6 105525 5 106228 6 106933 4 107637 3
7ae19de7bc2a,168744 6 169446 9 170148 13 170850 16 171553 18 172255 20 172957 22 173659 24 174361 25 175063 26 175765 25 176467 25 177169 25 177872 23 178576 21 179280 19 179984 18 180689 17 181393 16 182098 15 182805 11
7ae19de7bc2a,306747 4 307450 9 308153 11 308856 13 309560 14 310264 15 310969 14 311672 16 312376 17 313080 18 313784 18 314489 17 315193 18 315897 18 316602 17 317307 16 318011 15 318716 13 319420 12 320125 10 320830 6
7ae19de7bc2a,40368 1 41071 8 41775 14 42479 17 43184 17 43888 19 44593 20 45298 22 46005 19 46711 17 47417 14 48123 12 48829 10 49535 5
7ae19de7bc2a,312061 10 312763 14 313467 17 314171 18 314875 18 315579 18 316283 17 316988 15 317692 14 318397 11 319102 8
7ae19de7bc2a,262479 2 263186 1 263886 1 265293 1 265996 2 266699 3 267402 4 267419 1 268106 4 268810 4 268830 1 269514 4 269535 4 270218 4 270241 7 270923 3 270946 11 271627 3 271650 12 272331 3 272354 11 273035 4 273058 10 273740 4 273762 7 274444 26 275166 6 275873 2
7ae19de7bc2a,76392 7 77095 9 77798 11 78502 12 79206 12 79909 13 80613 13 81316 14 82020 14 82724 13 83428 13 84131 13 84835 12 85539 11 86243 10 86947 10 87651 9 88356 7 89060 6
7ae19de7bc2a,45502 8 46202 14 46902 4 46911 9 47603 2 47615 9 48305 2 48319 9 49007 1 49023 8 49708 3 49726 8 50409 5 50429 7 51110 7 51132 6 51810 11 51836 5 52510 15 52539 5 53208 21 53242 5 53910 24 53946 2 54613 25 54649 1 55317 17 55342 1 56021 12 56048 1 56727 6
7ae19de7bc2a,89047 5 89748 9 90450 11 91153 13 91857 14 92561 14 93266 13 93971 12 94676 11 95381 10 96085 9 96790 8 97495 5
7ae19de7bc2a,311361 1 312059 2 312071 1 312761 2 312777 1 313464 3 314167 4 314870 5 315574 5 316278 5 316982 6 317685 7 318390 7 318408 1 319093 9 319110 2 319798 17 320502 17 321207 14 321912 13 322617 10 322628 1 323323 6 324027 2
7ae19de7bc2a,306045 2 306751 4 307449 1 307459 1 308148 5 308164 1 308852 4 308869 1 309556 4 310261 3 310965 4 310983 1 311669 3 312374 2 313078 2 313783 1 314487 2 315192 1 315896 1 316601 1 317306 1 318010 1 318026 1 318714 2 318729 1 319418 2 319432 1 320122 3 320135 1 320827 3 320836 3 321531 12 322235 11 322939 11 323643 10 324347 10 325051 10 325755 10 326460 9 327164 9 327868 9 328572 9 329277 8 329982 7 330686 8 331391 7 332095 7 332800 6 333504 6 334209 6 334913 6 335618 5 336323 4 337027 5 337732 4 338436 4 339141 2 339846 1
7ae19de7bc2a,259567 6 260270 4 260278 1 260308 3 260974 3 260984 1 261011 6 261678 2 261714 7 262382 2 262417 7 263086 2 263120 8 263790 2 263823 8 264494 1 264525 9 265198 1 265227 9 265929 9 266627 14 267332 11 268013 1 268037 8 268717 1 268741 7 269421 1 269445 5 270125 1 270149 3 270829 1 270853 2 271533 1 271556 1 272238 1 272259 1 272942 1 272961 1 273646 1 273664 1 274350 1 275054 1 275758 2 275772 1 276462 2 277166 2 277870 4
7ae19de7bc2a,324722 5 325424 7 326126 9 326828 11 327529 13 328230 16 328932 17 329633 18 330335 19 331036 21 331738 22 332440 22 333141 24 333844 24 334547 23 335251 22 335955 20 336659 19 337363 17 338068 15 338771 14 339474 14 340177 14 340880 14 341584 13 342288 12 342992 11 343696 10 344400 9
7ae19de7bc2a,113040 9 113743 11 114446 13 115149 14 115851 12 116552 13 117248 20 117946 25 118649 26 119351 28 120055 28 120758 29 121461 30 122165 30 122869 31 123573 31 124277 8 124305 1
7ae19de7bc2a,233614 5 234317 8 235021 10 235725 13 236429 15 237132 17 237836 17 238540 17 239244 17 239948 17 240652 16 241356 16 242059 16 242763 16 243468 14 244172 13 244876 12 245582 8
7ae19de7bc2a,73143 2 73845 4 74547 6 75250 7 75953 8 76656 9 77359 9 78063 9 78766 10 79469 10 80172 11 80876 11 81579 12 82282 12 82985 13 83679 1 83688 14 84381 4 84391 14 85083 26 85787 25 86491 25 87195 25 87900 23 88605 21 89310 20 90015 18 90721 15 91427 12 92132 10 92837 8 93541 7 94245 6 94949 5 95652 6 96356 5 97059 4 97763 1
7ae19de7bc2a,222838 6 223541 8 224245 10 224949 11 225653 12 226357 13 227061 14 227765 15 228469 15 229173 16 229877 17 230581 17 231285 17 231989 17 232693 17 233398 16 234102 15 234807 9 235514 1
7ae19de7bc2a,291178 4 291882 5 292586 6 293290 7 293994 9 294699 14 295403 13 296107 13 296812 13 297516 15 298220 16 298925 16 299630 14 300335 13 301040 12 301746 9 302453 3
7ae19de7bc2a,112133 5 112834 11 113538 13 114242 14 114946 15 115650 16 116354 17 117059 16 117763 16 118468 14 119173 12 119878 9 120584 5
7ae19de7bc2a,137 20 841 22 1546 21 2251 20 2956 19 3660 9 3672 1 3674 4 4364 6 5069 5 5773 4
7ae19de7bc2a,212305 4 213008 8 213713 8 214419 9 215124 9 215829 10 216534 10 217239 11 217944 11 218649 12 219354 12 220059 12 220764 13 221469 13 222174 13 222879 14 223584 14 224289 15 224995 14 225700 15 226405 15 227110 16 227815 16 228521 16 229226 16 229932 16 230637 16 231343 16 232048 16 232754 15 233459 14 234164 14 234870 12 235575 12 236281 10 236986 10 237693 7 238399 4
7ae19de7bc2a,356172 1 356876 3 357580 4 358285 4 358990 5 359694 8 360398 13 361101 24 361804 34 362508 37 363214 35 363921 32 364630 27 365338 22
7ae19de7bc2a,111028 1 111703 2 111732 1 112402 12 112415 2 113101 19 113797 26 114489 38 115192 39 115897 38 116605 34 117317 26 118026 21 118732 19 119439 16 120147 13 120855 11 121564 8 122270 6 122976 6 122987 1 123682 10 124388 8 125093 8 125799 6 126504 6
7ae19de7bc2a,323377 1 324079 2 324782 3 325486 3 326190 3 326895 2 327599 2 328304 1 329009 1 329025 1 329730 1 330435 1 331140 1 333241 1 333255 1 333947 1 333959 2 334653 3 334664 3 335360 2 335368 5 336066 12 336772 11 337477 11 338182 10 338887 9 339593 7 340298 5
7ae19de7bc2a,232306 1 233008 4 233712 5 234415 6 235119 6 235820 10 236522 13 237226 13 237930 14 238634 15 239339 15 240043 15 240748 15 241452 16 242157 15 242862 15 243566 15 244271 15 244975 15 245680 15 246384 16 247090 14 247796 13 248502 11 249207 10 249911 10 250615 10 251320 9 252024 9 252728 9 253432 9 254136 9 254840 9 255544 9 256248 9 256952 9 257656 9 258360 9 259064 9 259767 10 260471 10 261174 11 261878 11 262582 10 263288 8
7ae19de7bc2a,314893 4 315597 6 316300 8 317003 10 317706 12 318409 14 319114 14 319818 15 320523 14 321228 14 321932 14 322637 14 323342 13 324047 10 324751 9 325455 8 326159 4
7ae19de7bc2a,24718 1 25420 4 26123 6 26827 6 27531 7 28235 7 28939 8 29644 8 30349 8 31053 9 31758 10 32463 15 33167 16 33872 15 34577 14 35281 13 35985 13 36689 13 37393 13 38097 12 38801 12 39505 12 40209 12 40913 12 41617 12 42321 12 43025 11 43729 11 44433 11 45136 11 45840 11 46545 10 47249 9 47953 9 48657 9 49362 8 50066 7 50770 7 51475 6 52179 6 52883 6 53588 4 54292 4 54996 3 55701 2
7ae19de7bc2a,298236 1 298941 1 299644 2 300348 2 301052 3 301755 4 302451 2 302456 8 303157 11 303862 10 304567 10 305272 9 305977 7 306681 7 307387 4
7ae19de7bc2a,298306 2 299008 8 299712 9 300416 14 301120 18 301825 20 302529 20 303233 21 303937 21 304642 21 305346 17 305367 2 306051 10 306072 5 306756 8 306778 4 307461 7 307484 2 308166 6 308871 5 308895 1 309576 4 310281 4 310304 1 310986 3 311692 2 312398 1 314515 1 315220 1 318055 1 318759 1 319463 1 320167 1 320871 1 321575 1 322278 1
7ae19de7bc2a,355454 5 356158 6 356863 5 356875 1 357568 4 357584 1 358273 4 358284 1 358289 1 358978 5 358988 2 358995 1 359683 5 359692 2 359702 1 360389 4 360394 4 360411 1 361094 7 361125 3 361799 5 361838 4 362506 2 362545 4 363211 3 363249 6 363916 5 363953 8 364624 6 364657 9 365335 3 365360 12
7ae19de7bc2a,341174 1 341877 7 342580 11 343283 15 343986 2 343994 10 344689 2 344699 13 345392 1 345403 13 346108 12 346812 11 347516 8 348220 5 348924 2 349609 1 349627 1 350330 1 351735 1
7ae19de7bc2a,314630 1 315332 8 316036 9 316739 10 317443 10 318146 11 318850 11 319554 10 320257 11 320961 11 321664 11 322368 11 323071 12 323775 11 324478 12 325181 13 325884 14 326586 16 327288 18 327989 21 328689 25 329389 29 330088 35 330785 42 331489 42 332193 43 332899 41 333605 40 334312 37 335020 33 335727 30 336455 5
7ae19de7bc2a,333721 6 334427 5 335853 3 336557 7 337262 9 337968 9 338673 9 339378 10 340084 9 340790 10 341474 1 341495 10 342180 1 342201 9 342885 2 342907 7 343591 2 343612 6 344296 2 344317 6 345000 3 345021 6 345705 3 345726 6 346409 7 346431 5 347113 9 347135 5 347821 8 347840 4 348527 8 348544 4 349233 10 349248 4 349938 13 349952 4 350644 16 351350 15 352056 13 352762 12 353468 11 354174 9 354880 8 355585 7 356291 5 356995 5 357700 4 358405 2
7ae19de7bc2a,336432 23 336460 2 337138 30 337845 29 338551 28 339257 28 339964 26 340669 27 341376 26 342082 25 342789 24 343495 23 344201 23 344907 22 345613 21 346319 21 347026 21 347732 20 348438 19 349145 17 349851 15 350557 13 351264 10 351971 4
7ae19de7bc2a,43480 1 44210 1 44889 4 44916 1 45593 7 45619 3 46296 21 46323 4 47001 30 47705 30 48409 29 49114 27 49818 23 50523 17
7ae19de7bc2a,140002 1 140727 1 141431 2 142135 2 142839 2 143543 1 144247 1 145634 1 146338 1 147042 1 149859 1 151972 1 152690 1 153394 1 154097 2 154791 1 154800 4 155497 12 156203 10 156908 9 157613 9 158317 9 159022 9 159727 9 160432 9 161137 10 161842 11 162549 8
7ae19de7bc2a,177987 1 178691 2 179395 3 180099 4 180803 4 181507 5 182212 5 182916 5 183621 5 184325 5 185030 5 185734 6 186439 6 187144 5 187848 6 188553 6 189257 7 189962 7 190666 8 191371 8 192075 9 192780 9 193484 11 194189 11 194893 13 195598 13 196302 15 197007 15 197711 16 198415 17 199119 18 199823 19 200528 19 201232 21 201936 23 202640 24 203344 24 204048 24 204752 24 205457 22 206161 22 206865 21 207570 19 208274 19 208978 18 209682 17 210387 16 211091 15 211796 14 212500 13 213205 12 213909 11 214614 10 215319 8 216023 8 216728 7 217432 7 218137 6 218842 4
7ae19de7bc2a,117075 2 117779 6 118482 10 119185 15 119887 19 120589 21 121292 22 121994 22 122697 20 123401 17 124104 12
7ae19de7bc2a,152886 6 153587 12 154291 15 154994 17 155698 18 156402 19 157106 20 157810 21 158514 21 159218 21 159922 20 160627 19 161331 18 162034 18 162738 17 163442 16 164145 17 164849 16 165553 14 166256 14 166959 13 167663 9 168366 9 169069 8 169772 8 170476 7 171179 7 171883 6 172587 5 173291 4 173995 3 174699 3 175403 2
7ae19de7bc2a,33590 2 34293 8 34997 11 35701 13 36405 15 37108 18 37811 22 38514 25 39220 25 39927 25 40633 26 41339 29 42045 27 42750 26 43455 25 44160 25 44870 19 45583 10 46291 5 46997 4 47704 1
7ae19de7bc2a,42006 7 42710 7 43414 8 44118 10 44822 15 45526 17 46230 22 46935 31 47640 32 48344 34 49049 34 49753 34 50458 34 51162 33 51867 32 52572 31 53276 31 53982 1 53987 24 54697 18 55410 10 56116 8 56821 8 57527 7 58232 6 58938 5 59643 4 60348 3
7ae19de7bc2a,11249 1 11953 2 12656 4 13357 8 14060 10 14762 12 15463 4 15475 4 16166 2 16179 5 16869 2 16883 5 17572 1 17587 5 18275 1 18291 3 18978 1 18995 1 19680 1 19697 1 21085 1 21102 1 21788 1 22491 1 22507 1 23898 1 24602 1 25306 1 26009 2 26713 2 27417 2 28121 2 28827 1
7ae19de7bc2a,321946 3 322651 3 323355 5 324057 8 324760 10 325463 12 326163 14 326867 14 327571 13 328275 12 328980 11 329685 9 330390 8 331097 5 331804 2
d8bfd1dafdc4,227118 4 227821 6 228524 8 229228 9 229931 11 230634 13 231338 13 232041 15 232744 17 233447 19 234150 20 234852 23 235555 24 236258 25 236961 26 237663 27 238365 29 239068 29 239770 29 240472 29 241176 28 241879 28 242581 28 243284 27 243987 26 244690 25 245392 25 246095 24 246798 24 247501 22 248204 21 248908 20 249611 19 250314 18 251018 16 251721 17 252425 16 253128 15 253832 14 254535 14 255239 13 255942 13 256646 13 257350 12 258053 13 258757 13 259461 13 260165 13 260869 13 261573 13 262277 12 262981 12 263685 12 264389 12 265093 12 265797 12 266501 11 267205 10 267909 9 268613 9 269317 9 270020 9 270724 9 271428 9 272132 8 272836 8 273540 8 274244 7 274947 8 275651 7 276355 7 277059 7 277763 6 278467 6 279171 6 279875 6 280578 7 281282 6 281986 6 282690 6 283394 6 284098 6 284802 5 285506 5 286210 5 286913 6 287617 6 288321 5 289025 5 289729 5 290433 4 291137 4 291842 2
d8bfd1dafdc4,70392 3 71095 4 71799 4 72502 5 73206 5 73909 5 74612 6 75316 5 76020 5 76723 6 77427 5 78130 6 78834 5 79538 5 80241 6 80945 5 81648 6 82352 6 83056 5 83759 6 84463 6 85167 5 85870 6 86574 6 87278 5 87982 5 88685 6 89389 5 90093 5 90796 6 91500 5 92204 5 92907 6 93611 5 94315 5 95019 5 95722 6 96426 6 97130 5 97834 5 98537 6 99241 5 99945 5 100648 6 101352 6 102056 6 102760 6 103464 5 104167 6 104871 6 105575 6 106278 7 106982 8 107686 8 108390 8 109093 9 109797 10 110500 11 111204 12 111908 13 112611 24 113314 28 114018 28 114721 29 115425 29 116128 30 116831 31 117533 29 118236 27 118939 26 119642 23 120345 21 121048 20 121752 19 122454 18 123157 16 123861 15 124564 14 125266 13 125970 12 126672 13 127375 12 128077 12 128781 12 129484 12 130188 10 130891 10 131595 9 132299 6 133003 4 133708 1
d8bfd1dafdc4,1760 13 2464 16 3169 17 3874 19 4579 20 5284 22 5988 26 6692 29 7397 31 8102 33 8807 35 9511 37 10216 39 10920 41 11625 42 12329 44 13033 46 13738 47 14442 48 15146 3 15156 39 15850 2 15860 41 16566 40 17273 38 17979 37 18685 37 19392 35 20102 30 20812 26 21520 23 22230 19 22938 17 23645 15 24351 15 25058 14 25764 14 26470 14 27175 16 27881 16 28587 17 29292 18 29999 19 30705 19 31412 20 32117 22 32824 23 33531 21 34240 19 34949 15 35656 13
d8bfd1dafdc4,339444 2 340147 5 340851 6 341555 7 342260 7 342965 8 343669 9 344374 9 345078 11 345783 11 346488 11 347194 11 347898 13 348602 15 349307 16 350011 18 350715 21 351420 22 352124 25 352829 27 353534 28 354239 28 354945 28 355650 29 356355 32 357060 35 357765 43 358469 47 359175 48 359879 49 360584 48 361290 46 361995 45 362700 44 363406 42 364113 39 364826 28
d8bfd1dafdc4,161835 4 162536 9 163240 9 163943 11 164647 11 165350 12 166054 12 166757 12 167461 12 168164 13 168867 13 169571 13 170274 13 170977 14 171681 13 172384 13 173087 13 173791 12 174494 12 175198 12 175901 12 176604 12 177307 12 178010 12 178713 12 179416 12 180120 11 180823 11 181526 11 182230 10 182933 10 183636 10 184339 9 185042 9 185745 9 186448 10 187151 10 187855 9 188558 9 189261 9 189964 9 190667 9 191370 9 192073 9 192776 9 193479 9 194183 8 194886 9 195589 9 196292 9 196995 9 197698 9 198401 9 199104 9 199808 8 200511 9 201214 9 201917 9 202620 10 203323 9 204026 9 204729 9 205432 10 206135 10 206838 10 207541 10 208244 10 208947 10 209651 9 210354 9 211057 9 211760 9 212463 9 213165 10 213868 11 214572 10 215275 10 215977 11 216680 11 217384 10 218086 11 218789 11 219492 11 220195 11 220897 11 221600 11 222303 11 223007 10 223709 11 224412 10 225115 10 225818 10 226521 10 227224 9 227928 9 228631 9 229334 9 230036 9 230738 9 231441 9 232145 8 232848 8 233552 7 234255 8 234958 7 235661 6 236364 6 237068 5 237773 3 238478 1
d8bfd1dafdc4,350968 3 351672 3 352375 4 353079 4 353782 4 354485 5 355189 4 355891 6 356594 6 357297 6 357997 10 358687 23 359385 29 360084 35 360784 39 361486 42 362187 24 362214 1 362217 5 362223 9 362889 15 362931 6 363590 15 363637 4 364293 10 364342 3 364997 6 365047 3
d8bfd1dafdc4,326285 1 326988 4 327692 5 328396 6 329101 5 329805 5 330509 6 331214 6 331918 6 332623 5 333327 6 334031 6 334736 5 334756 4 335440 6 335457 8 336145 6 336157 12 336849 24 337553 23 338257 22 338961 19 339665 15 340369 11 341072 10 341776 8 342480 7 343183 7 343887 6 344590 6 345293 7 345997 6 346701 6 347404 6 348107 7 348811 6 349515 6 350218 6 350921 7 351625 6 352328 7 353032 6 353736 6 354439 6 355143 6 355846 6 356550 5 357253 6 357957 5 358660 6 359364 5 360067 6 360771 6 361474 7 362178 7 362881 8 363584 6 364288 5 364993 4
d8bfd1dafdc4,19727 3 20431 3 21136 3 21840 5 22544 6 23247 9 23951 9 24655 10 25359 10 26063 11 26768 11 27472 11 28177 11 28882 11 29587 10 30291 11 30996 11 31701 11 32405 12 33110 12 33814 13 34519 14 35224 14 35928 15 36632 17 37337 17 38042 19 38746 20 39451 21 40155 23 40860 27 40898 5 41564 46 42269 48 42973 50 43677 51 44382 50 45086 50 45790 49 46495 45 47199 40 47904 37 48609 34 49313 33 50018 31 50723 29 51429 26 52135 23 52840 22 53546 18 54251 13 54958 7
d8bfd1dafdc4,120 6 823 9 1527 10 2231 10 2935 11 3639 11 4343 12 5048 11 5752 12 6456 12 7160 13 7864 13 8568 14 9272 14 9976 15 10680 16 11385 15 12089 16 12793 17 13497 17 14201 18 14906 17 15610 18 16314 18 17018 18 17722 18 18426 19 19130 19 19834 19 20538 20 21242 20 21946 20 22650 20 23354 20 24058 21 24763 20 25467 20 26171 20 26875 21 27579 21 28283 21 28987 21 29691 22 30396 21 31100 21 31804 22 32508 22 33212 23 33916 23 34620 23 35325 23 36030 22 36734 22 37439 21 38143 21 38848 20 39552 20 40257 19 40961 18 41666 17 42371 15 43075 15 43780 13 44484 13 45189 12 45893 11 46598 10 47302 10 48007 8 48712 7
d8bfd1dafdc4,172705 1 173408 3 174111 4 174815 5 175519 5 176223 6 176927 6 177631 6 178334 7 179038 7 179742 7 180446 7 181150 7 181854 8 182557 9 183261 9 183965 9 184669 9 185373 10 186076 11 186780 11 187484 12 188188 12 188892 13 189595 14 190299 14 191003 14 191707 15 192410 16 193114 17 193818 17 194522 18 195226 18 195930 18 196634 19 197337 20 198041 21 198744 22 199448 23 200151 24 200855 25 201559 25 202263 26 202966 28 203670 28 204374 29 205077 31 205781 32 206484 34 207188 35 207891 37 208595 37 209298 39 210002 38 210705 39 211408 39 212112 35 212815 34 213519 21 213544 8 214223 15 214926 14 215630 11 216334 7 217039 4
d8bfd1dafdc4,267153 3 267856 14 268560 14 269265 13 269969 12 270673 11 271378 10 272081 10 272785 9 273487 9 274190 9 274894 8 275597 8 276299 9 277002 8 277705 8 278408 8 279111 8 279814 8 280517 8 281220 7 281923 8 282626 7 283329 7 284032 8 284734 9 285437 9 286140 9 286843 9 287545 11 288247 12 288950 13 289653 13 290357 12 291060 13 291762 14 292465 14 293167 16 293849 7 293868 18 294570 19 295271 21 295972 22 296676 19 297378 19 298081 17 298784 15 299487 12 300191 4
d8bfd1dafdc4,215517 2 216218 8 216921 11 217625 13 218328 15 219031 16 219734 18 220437 18 221140 18 221843 18 222546 18 223248 18 223951 17 224624 6 224653 17 225327 10 225355 17 226029 16 226055 20 226732 46 227435 47 228139 46 228843 46 229547 45 230251 45 230955 45 231659 45 232363 44 233067 43 233772 40 234476 39 235180 38 235884 37 236588 35 237292 34 237996 33 238700 32 239404 30 240108 27 240812 25 241515 24 242219 23 242923 22 243627 20 244331 20 245035 19 245739 18 246443 18 247148 16 247853 15 248558 14 249263 13 249968 12 250672 12 251377 11 252082 10 252787 8 253494 5
d8bfd1dafdc4,228489 4 229192 6 229895 7 230599 7 231302 8 232006 8 232709 9 233413 9 234116 10 234820 10 235524 10 236227 10 236931 10 237634 11 238338 11 239042 10 239745 11 240448 12 241152 12 241855 12 242559 12 243262 13 243965 13 244668 14 245372 13 246075 14 246778 14 247481 15 248185 14 248888 15 249591 15 250294 16 250998 15 251701 16 252404 17 253107 17 253810 18 254513 19 255216 20 255919 20 256623 20 257326 20 258029 21 258732 21 259436 21 260139 21 260842 21 261546 20 262250 19 262953 20 263657 19 264361 19 265064 19 265768 18 266471 19 267175 18 267879 18 268582 18 269285 18 269989 18 270692 18 271396 17 272099 17 272802 17 273506 17 274210 16 274913 16 275617 15 276320 15 277024 14 277727 14 278431 14 279135 13 279838 13 280542 12 281245 13 281948 13 282652 12 283355 12 284058 12 284762 11 285465 12 286169 11 286872 11 287576 10 288279 11 288983 10 289686 11 290390 10 291093 11 291797 10 292500 11 293204 10 293908 9 294611 9 295315 9 296019 8 296722 8 297426 7 298130 6 298834 6 299538 5 300242 4 300947 3
d8bfd1dafdc4,118019 5 118724 6 119428 9 120133 10 120838 11 121545 11 122250 11 122955 11 123661 11 124368 11 125074 11 125779 12 126486 12 127191 13 127897 14 128604 14 129310 16 130017 15 130723 17 131429 19 132136 21 132843 26 133550 29 134257 33 134966 34 135675 37 136386 36 137097 33 137810 31 138523 26 139234 31 139948 29 140663 23 141370 25 142076 26 142787 20 143504 8 144214 1
d8bfd1dafdc4,153640 10 154341 14 155044 15 155746 16 156449 17 157152 17 157855 17 158558 17 159262 16 159965 16 160669 15 161372 15 162076 15 162779 14 163481 15 164184 15 164887 16 165591 15 166295 14 166998 14 167701 14 168404 15 169106 17 169809 18 170512 19 171216 19 171920 20 172623 22 173327 16 173345 4 174031 14 174050 4 174734 14 174756 3 175438 13 175461 3 176141 13 176166 2 176845 12 176870 4 177549 11 177576 3 178252 11 178280 3 178955 11 178984 5 179659 11 179688 6 180362 11 180393 6 181066 10 181097 7 181769 10 181802 6 182472 10 182507 6 183176 10 183212 5 183879 10 183917 4 184583 9 184621 4 185286 9 185326 3 185990 8 186031 2 186693 9 187397 8 188100 8 188803 8 189507 8 190211 8 190915 7 191619 7 192323 6 193027 5
d8bfd1dafdc4,150856 4 151559 5 152262 7 152966 7 153669 8 154373 9 155078 8 155782 8 156486 8 157190 8 157894 9 158599 8 159303 8 160008 7 160712 7 161416 7 162121 7 162825 7 163529 7 164233 7 164937 7 165641 8 166345 8 167049 8 167753 8 168457 9 169161 9 169865 10 170568 11 171272 13 171976 14 172680 15 173383 18 174087 19 174791 19 175494 19 176198 17 176902 15 177606 13 178309 12 179013 12 179716 12 180420 11 181123 11 181827 10 182530 10 183234 10 183937 10 184641 10 185344 10 186048 10 186752 10 187456 9 188160 9 188864 9 189568 8 190272 8 190975 9 191679 8 192383 8 193087 7 193791 7 194495 7 195199 6 195903 6 196606 7 197310 7 198014 6 198718 6 199421 7 200125 7 200829 7 201533 7 202237 7 202940 7 203644 7 204348 6 205052 6 205756 5 206460 4 207164 4 207868 3 208572 3 209276 2
d8bfd1dafdc4,85611 6 86312 10 87013 13 87714 15 88416 15 89116 17 89818 17 90520 16 91222 16 91923 17 92625 17 93326 18 94027 18 94728 20 95425 23 96123 27 96820 30 97519 32 98221 31 98923 25 99625 23 100328 20 101031 18 101733 16 102436 14 103139 12 103842 12 104544 13 105247 12 105950 10 106653 10 107355 10 108058 10 108761 9 109464 9 110167 9 110869 9 111572 9 112275 8 112978 8 113680 9 114383 9 115086 10 115788 11 116490 11 117193 11 117896 11 118597 13 119299 14 120002 14 120704 15 121406 17 122102 24 122805 24 123509 22 124214 19 124922 12 125631 3
d8bfd1dafdc4,126010 2 126712 5 127414 6 128114 9 128817 9 129519 10 130221 12 130924 12 131627 12 132329 12 133031 12 133734 12 134437 12 135139 13 135842 13 136544 14 137246 14 137949 14 138652 13 139354 14 140056 14 140759 14 141461 13 142164 12 142867 11 143570 10 144272 11 144975 11 145677 11 146378 12 147080 13 147782 14 148484 15 149187 16 149889 16 150591 17 151293 18 151996 18 152698 20 153401 20 154104 21 154807 21 155511 21 156214 22 156918 22 157621 23 158325 23 159029 23 159733 24 160436 25 161140 25 161844 25 162548 26 163252 26 163956 26 164660 27 165364 28 166068 28 166772 29 167477 29 168182 29 168887 29 169592 30 170298 28 171004 27 171710 26 172415 27 173121 26 173829 24 174541 17 175249 14 175955 13 176661 12 177367 12 178073 12 178778 12 179484 11 180190 10 180895 9 181601 7 182307 4
d8bfd1dafdc4,122131 2 122829 32 123531 36 124234 40 124936 44 125639 48 126342 51 127046 53 127750 55 128454 56 129158 57 129863 57 130567 58 131272 58 131977 58 132683 57 133388 57 134093 57 134798 57 135503 57 136209 56 136915 55 137621 53 138327 52 139033 50 139739 49 140445 48 141150 48 141856 46 142561 46 143266 46 143971 46 144676 46 145381 46 146086 46 146791 46 147496 46 148200 47 148905 48 149610 47 150314 48 151019 13 151037 30 151724 9 151744 29 152429 5 152450 27 153133 2 153156 26 153862 26 154567 25 155272 25 155977 25 156682 25 157387 25 158092 25 158798 24 159503 25 160208 25 160914 24 161620 23 162325 22 163031 20 163737 18
d8bfd1dafdc4,345181 5 345880 12 346582 17 347286 19 347989 22 348693 23 349396 24 350100 25 350804 26 351507 27 352211 27 352915 27 353619 6 353631 16 354322 6 354337 14 355026 5 355044 11 355730 4 355749 11 356434 4 356455 9 357138 3 357160 9 357842 3 357866 8 358546 2 358571 7 359276 7 359981 7 360685 8 361390 7 362095 7 362800 6 363505 5 364210 5 364914 6 365619 5
d8bfd1dafdc4,48177 7 48880 10 49584 11 50288 12 50992 13 51696 14 52400 14 53104 15 53808 15 54512 15 55216 15 55920 15 56624 15 57328 14 58032 14 58736 12 59440 11 60144 10 60847 10 61551 10 62254 10 62958 10 63662 9 64365 9 65069 9 65773 8 66476 8 67179 9 67883 8 68586 9 69290 8 69993 8 70696 8 71400 8 72103 9 72807 8 73510 8 74213 9 74917 8 75620 9 76323 9 77026 10 77730 9 78433 10 79136 11 79839 11 80543 11 81246 12 81950 11 82653 12 83357 11 84061 11 84764 11 85468 11 86172 11 86876 10 87580 10 88284 9 88987 10 89691 10 90395 10 91099 9 91802 10 92506 9 93210 9 93914 8 94618 8 95321 9 96025 9 96729 9 97433 8 98137 8 98841 7 99545 7 100248 8 100952 8 101655 9 102359 9 103063 9 103766 10 104469 11 105173 11 105876 12 106580 12 107284 12 107988 12 108691 13 109394 14 110097 15 110801 15 111504 16 112208 16 112911 17 113614 18 114317 19 115020 20 115722 22 116425 23 117129 23 117832 24 118535 24 119238 25 119941 26 120643 28 121344 31 122047 31 122751 31 123455 31 124158 13 124175 15
d8bfd1dafdc4,194685 4 195384 12 196086 14 196788 17 197490 19 198192 21 198894 23 199597 24 200299 26 201001 27 201703 29 202406 29 203108 29 203809 31 204511 32 205213 33 205914 36 206615 38 207317 40 208019 41 208721 43 209422 45 210125 45 210827 46 211529 48 212231 49 212934 50 213637 50 214339 51 215042 51 215744 52 216447 52 217148 53 217850 53 218553 53 219256 51 219959 48 220661 48 221364 48 222067 47 222770 45 223472 46 224174 47 224877 47 225580 46 226283 45 226986 45 227689 44 228392 44 229095 45 229797 46 230500 45 231204 44 231907 44 232611 43 233314 42 234018 42 234721 42 235423 43 236125 44 236828 44 237531 44 238234 44 238938 44 239641 44 240345 43 241048 44 241752 43 242455 43 243158 44 243861 45 244565 44 245268 44 245972 44 246674 45 247377 45 248079 46 248782 46 249486 44 250189 44 250893 44 251596 44 252299 44 253003 42 253706 43 254410 42 255114 40 255818 39 256522 38 257226 37 257930 36 258635 35 259340 33 260044 32 260749 31 261454 29 262159 27 262863 26 263567 24 264272 22 264976 20 265681 18 266385 16 267090 13 267796 8
d8bfd1dafdc4,26541 3 27245 6 27949 7 28652 9 29356 9 30060 10 30764 10 31468 10 32172 11 32876 11 33580 12 34284 12 34988 12 35692 13 36395 14 37099 14 37803 14 38507 15 39211 15 39915 15 40618 16 41322 16 42025 17 42729 17 43432 18 44135 19 44838 20 45542 19 46245 20 46852 1 46948 21 47555 3 47650 23 48258 5 48352 25 48962 5 49054 27 49666 5 49754 31 50371 5 50453 36 51075 5 51154 40 51779 6 51854 44 52483 8 52552 50 53187 9 53250 57 53891 10 53951 60 54596 9 54650 65 55300 10 55348 71 56004 11 56049 47 56106 18 56709 12 56749 43 56815 13 57413 14 57445 33 57521 12 58118 16 58144 32 58227 11 58822 54 58932 11 59526 48 59637 11 60230 46 60342 10 60934 43 61046 11 61638 36 61751 10 62341 27 62456 10 63045 23 63161 11 63749 20 63867 10 64452 19 64572 9 65156 18 65277 9 65860 16 65981 10 66563 16 66687 9 67267 16 67392 10 67971 15 68097 9 68675 15 68802 8 69378 15 69507 7 70082 14 70216 1 70786 13 71490 13 72193 13 72897 13 73600 13 74304 13 75007 14 75711 14 76414 14 77118 14 77822 14 78526 14 79230 14 79933 14 80637 14 81341 14 82045 14 82749 14 83453 13 84157 13 84861 13 85565 13 86270 13 86974 12 87678 12 88383 10 89089 7
d8bfd1dafdc4,1581 50 2284 64 2988 68 3691 72 4395 74 5100 75 5804 77 6508 37 6556 30 7212 29 7268 25 7916 25 7978 23 8620 24 8685 22 9325 20 9393 23 10029 18 10101 21 10733 17 10807 19 11437 16 11517 14 12142 15 12223 13 12846 14 12932 8 13550 14 13639 3 14254 13 14958 13 15662 12 16366 12 17070 11 17774 10 18478 10 19182 10 19886 10 20590 9 21293 10 21997 10 22701 9 23404 10 24108 9 24812 9 25516 8 26220 8 26923 9 27627 9 28331 9 29035 8 29739 8 30443 8 31147 8 31850 9 32554 9 33258 8 33962 8 34666 8 35369 8 36073 8 36777 8 37481 7 38185 7 38889 7 39592 8 40296 8 41000 8 41704 8 42408 7 43112 7 43816 7 44520 7 45224 7 45928 7 46631 8 47335 8 48039 8 48743 8 49447 7 50151 7 50855 7 51559 7 52263 7 52967 7 53671 7 54375 6 55079 6 55783 5 56488 2
d8bfd1dafdc4,12789 4 13492 5 14195 6 14899 6 15602 8 16306 8 17009 9 17713 9 18416 10 19119 11 19823 11 20526 12 21230 12 21933 13 22637 13 23340 14 24044 14 24747 16 25450 17 26154 17 26857 18 27560 19 28264 19 28967 20 29671 20 30374 22 31077 23 31781 23 32484 24 33188 24 33892 24 34596 24 35299 25 36003 25 36707 25 37410 26 38114 26 38818 26 39522 26 40226 26 40929 27 41633 27 42336 28 43039 29 43743 29 44446 30 45149 31 45852 32 46555 33 47258 34 47961 35 48664 36 49367 38 50070 39 50774 39 51477 40 52180 41 52884 41 53587 42 54291 42 54996 41 55701 7 55713 28 56420 25 57125 24 57830 22 58536 13 59244 6
d8bfd1dafdc4,51257 11 51960 14 52664 14 53368 14 54072 14 54776 14 55480 14 56184 14 56217 1 56888 14 56920 5 57592 14 57623 9 58296 14 58327 10 59000 14 59031 11 59704 14 59735 12 60407 15 60439 12 61111 16 61143 12 61814 17 61847 13 62517 18 62550 14 63221 19 63254 14 63924 20 63957 15 64627 22 64661 16 65330 24 65363 18 66033 27 66065 20 66736 54 67439 55 68142 57 68845 58 69548 59 70251 60 70955 60 71658 61 72362 61 73065 62 73769 62 74473 62 75178 61 75882 61 76586 60 77290 60 77994 59 78698 59 79403 57 80108 55 80812 54 81517 52 82221 51 82925 50 83629 49 84333 48 85038 46 85742 46 86446 45 87150 44 87855 42 88559 41 89264 39 89968 39 90672 38 91376 37 92080 36 92785 34 93489 34 94193 33 94897 33 95601 32 96305 32 97010 31 97714 30 98419 29 99123 28 99828 27 100533 25 101238 24 101943 22 102647 22 103352 20 104057 18 104763 15 105470 11 106175 9 106884 1
d8bfd1dafdc4,680 7 1383 7 2086 7 2788 8 3490 10 4192 11 4894 12 5597 13 6300 13 7004 13 7709 12 8414 11 9119 10 9823 10 10528 8 11233 7 11937 7 12642 7 13348 5 14053 4 14757 4 15462 3
d8bfd1dafdc4,255563 8 256265 13 256967 16 257670 19 258374 20 259078 21 259782 22 260487 21 261192 21 261897 20 262602 20 263307 19 264011 20 264716 20 265421 20 266125 20 266830 21 267535 21 268240 21 268945 21 269650 21 270355 22 271060 22 271765 23 272470 24 273175 27 273879 29 274583 31 275288 31 275992 33 276696 36 277400 40 277444 2 278104 50 278808 52 279512 54 280216 56 280920 57 281624 59 282328 60 283032 61 283735 62 284439 62 285143 62 285847 63 286551 64 287255 65 287959 64 288663 62 289367 60 290071 60 290775 61 291479 59 292183 43 292886 41 293590 40 294295 37 294999 35 295702 33 296406 30 297110 27 297814 26 298518 24 299223 21 299927 19 300631 17 301336 14 302040 12 302745 9 303452 1
d8bfd1dafdc4,156468 2 157171 4 157875 5 158578 7 159282 7 159986 6 160690 6 161394 6 162098 6 162802 6 163506 6 164210 6 164914 6 165618 6 166322 6 167026 6 167730 6 168434 6 169138 6 169842 6 170546 6 171250 6 171953 7 172657 7 173361 8 174065 8 174769 8 175473 8 176177 8 176881 8 177585 9 178290 8 178994 8 179698 9 180402 9 181106 10 181810 10 182514 11 183218 12 183923 11 184627 12 185331 13 186035 13 186739 13 187443 13 188147 13 188851 13 189555 13 190259 13 190963 12 191667 12 192371 12 193076 11 193780 11 194484 11 195188 11 195892 11 196596 10 197301 9 198005 9 198709 9 199413 8 200118 7 200822 7 201526 7 202230 7 202934 6 203638 6 204343 5 205047 5 205751 5 206456 4 207160 4 207864 4 208568 4 209273 3 209977 4 210681 3 211386 2 212090 1
d8bfd1dafdc4,334493 6 335194 12 335208 4 335897 20 336600 22 337302 25 338005 28 338707 31 339406 37 340107 40 340808 43 341510 45 342212 48 342915 50 343619 50 344323 51 345027 51 345731 51 346435 51 347139 52 347843 51 348547 51 349251 51 349955 51 350659 50 351364 48 352068 47 352772 46 353476 46 354180 45 354884 46 355588 46 356292 46 356996 47 357700 47 358405 47 359109 48 359813 47 360519 45 361224 2 361227 41 361933 39 362637 38 363336 1 363341 38 364040 2 364045 38 364750 36 365459 28
d8bfd1dafdc4,287487 3 288189 6 288891 9 289594 11 290297 12 291000 14 291703 15 292407 16 293111 16 293815 17 294519 17 295223 18 295927 18 296631 19 297335 19 298039 20 298743 21 299447 22 300151 23 300855 25 301560 25 301590 4 302264 35 302968 36 303672 36 304376 36 305081 35 305785 35 306490 35 307194 35 307899 34 308603 34 309308 33 310012 33 310716 33 311420 32 312124 32 312828 31 313532 30 314236 29 314940 28 315644 27 316348 26 317052 25 317756 24 318460 23 319164 22 319868 22 320572 21 321277 20 321981 19 322685 19 323389 18 324094 17 324798 16 325503 15 326207 15 326911 15 327616 14 328320 13 329025 12 329729 12 330433 12 331138 10 331842 10 332546 10 333250 10 333955 9 334659 9 335363 9 336067 9 336771 9 337476 8 338180 8 338884 8 339588 7 340293 6 340997 6 341703 3
d8bfd1dafdc4,2113 7 2817 8 3521 8 4226 7 4930 7 5635 7 6339 7 7044 6 7749 5 8453 6 9158 5 9863 4 10568 4 11272 4 11976 4 12680 5 13385 4 14089 5 14793 5 15498 5 16193 2 16203 4 16897 3 16907 5 17601 3 17611 5 18305 4 18316 4 19009 5 19021 3 19713 5 19725 2 20417 6 20430 1 21121 6 21134 1 21825 7 22529 7 23233 7 23937 8 24641 8 25345 8 26049 9 26753 9 27457 10 28161 10 28866 10 29570 10 30274 11 30978 11 31682 12 32387 12 33091 12 33796 11 34501 11 35208 8 35913 8 36618 7 37323 7 38027 7 38732 6 39437 4
d8bfd1dafdc4,48442 8 49146 9 49849 12 50552 14 51256 1 51268 2 51974 1 52678 1 53382 1 54086 1 54790 1 55494 1 56198 1 56902 1 57606 1 58310 1 58999 1 59014 1 59703 1 59718 1 60422 1 61127 1 61831 1 62535 1 63220 1 63240 1 63944 1 64649 1 70954 1 71633 1 71654 4 72336 26 73039 26 73743 26 74447 26 75150 28 75855 27 76560 26 77265 25 77971 23 78676 22 79381 22 80085 23 80790 22 81494 23 82199 22 82903 22 83607 22 84312 21 85016 22 85720 22 86425 21 87129 21 87833 22 88538 21 89242 22 89947 21 90654 18 91359 17 92064 16 92742 5 92769 16 93443 12 93474 15 94146 14 94180 13 94851 12 94886 11 95591 10 96298 7 97004 6 97709 5 98414 5 99119 4 99825 3 100531 2 101237 1
d8bfd1dafdc4,313412 7 314112 12 314812 15 315509 21 316208 24 316907 27 317607 28 318306 30 319008 29 319710 29 320411 30 321113 30 321816 29 322519 28 323221 28 323924 27 324627 26 325330 20 326032 18 326735 16 327439 14 328142 13 328845 12 329548 12 330250 13 330953 12 331655 12 332356 14 333058 14 333759 16 334450 27 335148 32 335849 33 336550 36 337243 46 337943 49 338644 51 339343 55 340047 54 340751 53 341455 53 342161 50 342898 13
d8bfd1dafdc4,134779 10 135480 16 136183 19 136884 23 137585 27 138287 30 138987 34 139689 37 140390 41 141093 42 141797 43 142501 44 143206 43 143912 42 144617 41 145322 41 146028 40 146734 39 147439 39 148145 38 148851 37 149557 36 150263 35 150969 34 151675 33 152381 32 153086 32 153791 32 154497 32 155202 33 155908 34 156613 36 157318 37 158024 36 158730 35 159435 35 160140 36 160847 35 161552 36 162258 34 162963 34 163669 32 164374 32 165079 31 165784 31 166489 30 167194 30 167899 29 168603 29 169308 29 170013 28 170718 28 171422 28 172127 28 172831 28 173536 27 174241 26 174945 27 175650 26 176354 26 177059 25 177763 26 178468 25 179172 25 179877 24 180582 23 181286 23 181992 21 182697 21 183402 20 184108 18 184814 16 185519 15 186224 14 186929 13 187634 12 188338 12 189044 10 189749 9 190453 8 191158 7 191863 6
d8bfd1dafdc4,275110 1 275814 2 276517 3 277221 3 277925 3 278630 2 279334 2 280038 1 280742 1 281446 1 282150 1 282854 1 283558 2 284262 2 284966 2 285670 1 286374 1 287078 1 287782 1 288486 1 289190 1 289894 1 290598 1 291302 1 292006 1 292710 1 293414 1 294118 1 294822 1 295526 1 296230 1 296934 1 297638 1 298342 1 307285 2 307986 9 308688 15 309392 18 310096 20 310800 23 311504 28 312208 31 312914 30 313622 28 314334 25 315044 22 315750 21 316457 19 317165 16 317871 17 318577 18 319282 19 319988 18 320695 15 321405 12 322112 15 322818 15 323526 11 324233 9 324939 9 325644 14 326349 15 326502 1 327058 10 327206 2 327766 6 327909 3 328472 1 328613 3 329180 9 329316 5 329884 11 330020 5 330591 9 330723 6 331296 8 331425 9 332002 12 332128 10 332707 14 332830 12 333413 14 333532 15 334120 11 334234 17 334826 10 334936 19 335532 13 335638 21 336238 14 336338 26 336943 15 337037 31 337651 12 337737 35 338358 11 338436 40 339064 14 339138 42 339770 14 339840 44 340476 14 340541 47 341182 13 341243 49 341888 14 341943 53 342593 17 342642 59 343299 19 343341 43 343389 16 344004 21 344041 39 344095 14 344711 26 344742 38 344800 14 345419 61 345506 12 346125 55 346211 12 346831 49 346916 12 347537 45 347620 14 348243 37 348325 13 348948 31 349030 13 349653 26 349738 9 350358 23 350443 9 351062 22 351148 9 351767 20 351853 8 352472 19 352557 8 353176 18 353262 7 353881 16 353966 7 354586 14 354670 7 355291 13 355375 6 355997 10 356080 4 356703 8 356784 4 357410 4 357489 2
d8bfd1dafdc4,67726 2 68430 3 69134 3 69839 3 70542 4 71246 4 71950 5 72654 5 73359 5 74063 5 74767 6 75471 6 76175 7 76879 7 77583 7 78288 7 78992 7 79696 8 80399 9 81103 9 81807 9 82511 9 83215 10 83919 10 84623 10 85327 10 86031 10 86735 11 87439 11 88143 11 88847 11 89551 11 90255 12 90959 12 91663 12 92367 13 93071 13 93775 13 94479 14 95183 15 95887 15 96591 16 97295 16 97999 16 98702 11 98714 6 99406 11 99418 7 100110 11 100122 8 100814 11 100826 9 101518 21 102222 22 102926 23 103629 25 104334 25 105038 26 105742 28 106447 27 107152 27 107857 28 108562 28 109268 27 109973 27 110678 28 111385 26 112092 24 112797 24 113503 23 114209 23 114914 23 115620 22 116325 22 117031 21 117736 21 118442 20 119147 21 119852 20 120557 19 121262 18
d8bfd1dafdc4,251170 3 251873 5 252577 5 253281 5 253985 5 254689 5 255393 5 256097 5 256801 5 257505 5 258209 5 258913 5 259617 5 260321 5 261025 5 261729 5 262433 5 263137 5 263841 5 264545 5 265249 5 265953 5 266657 5 267361 5 268065 5 268769 5 269473 5 270176 6 270880 6 271584 7 272288 7 272992 7 273696 7 274400 7 275104 6 275808 6 276512 5 277216 5 277920 5 278624 6 279328 6 280032 6 280736 6 281440 6 282144 6 282848 6 283552 6 284256 6 284960 6 285664 6 286368 6 287072 6 287776 6 288480 6 289184 6 289888 6 290592 6 291296 6 292000 6 292704 6 293408 6 294112 6 294816 6 295520 6 296224 6 296928 6 297632 6 298336 6 299040 7 299744 7 300448 7 301152 7 301856 7 302560 7 303264 7 303968 7 304672 7 305376 7 306080 7 306784 7 307488 7 308192 7 308896 7 309600 7 310304 7 311008 7 311712 7 312416 7 313120 7 313824 7 314528 7 315232 7 315936 7 316640 7 317344 7 318048 7 318752 7 319456 7 320160 7 320864 7 321568 7 322272 7 322976 7 323680 8 324384 8 325088 8 325792 8 326496 6 326503 1 327200 6 327904 5 328608 5 328616 1 329312 4 330016 4 330719 4 331423 2 332127 1 339180 1 339884 1 340588 1 341292 2 341996 2 342701 1 343405 1 344109 2 344814 1 345518 2 346223 1 351852 1 353261 1 355381 1 356079 1 356084 2 356788 3 357491 5 358193 7 358898 6 359603 5 360307 6 361012 5 361716 5 362421 4
d8bfd1dafdc4,278941 16 279638 31 280338 39 281037 47 281736 55 282439 58 283142 62 283844 66 284546 70 285251 71 285954 73 286656 77 287357 82 288060 84 288763 86 289466 90 290169 92 290871 95 291574 96 292277 97 292980 98 293683 98 294387 98 295091 98 295794 98 296498 97 297205 93 297911 91 298619 87 299325 84 300032 81 300739 77 301445 75 302150 73 302858 10 302884 43 303597 32 304304 25 305011 18 305717 15 306423 12 307130 8 307837 3
d8bfd1dafdc4,101938 1 102642 4 103346 4 104052 1 111094 5 111799 6 112490 3 112504 6 113193 6 113208 6 113897 9 113911 7 114601 11 114615 1 114619 4 115305 11 115323 5 116009 13 116027 6 116713 16 116731 6 117417 16 117436 6 118123 15 118140 7 118829 13 118843 10 119535 11 119547 10 120241 9 120252 11 120948 5 120956 11 121661 11 122367 11 123071 11 123777 10 124482 10 125186 11 125891 11 126596 12 127300 13 128005 14 128710 14 129415 15 130120 17 130824 19 131529 20 132235 22 132940 23 133646 21 134361 9 135068 5
d8bfd1dafdc4,309343 4 310047 5 310751 5 311456 5 311495 4 312161 4 312198 5 312866 4 312901 6 313570 4 313603 7 314274 5 314306 8 314978 6 315008 10 315682 7 315709 12 316386 10 316410 15 317091 15 317110 18 317795 37 318499 36 319203 36 319906 36 320610 36 321314 36 322018 36 322721 36 323425 36 324129 22 324153 11 324832 16 324863 5 325536 11 326239 11 326942 11 327646 10 328349 10 329052 9 329756 8 330459 9 331162 9 331865 9 332568 9 333272 8 333975 8 334678 8 335381 8 336084 8 336787 8 337490 9 338193 9 338897 8 339599 8 340302 8 341005 8 341708 8 342412 8 343115 8 343818 8 344521 8 345224 8 345927 8 346631 7 347334 7 348037 7 348740 6 349443 5 350146 5 350850 4
d8bfd1dafdc4,321885 3 322589 5 323293 7 323997 8 324702 8 325407 8 326112 8 326817 8 327522 9 328227 10 328932 10 329637 10 330342 10 331047 10 331751 11 332456 10 333160 11 333865 11 334570 11 335275 10 335982 8 335998 2 336687 18 337392 19 338097 19 338802 19 339506 20 340211 19 340915 19 341620 17 342324 17 343028 17 343733 16 344437 15 345141 15 345845 15 346549 14 347253 14 347958 13 348662 12 349366 12 350070 12 350774 11 351478 11 352182 10 352887 9 353591 9 354295 9 354999 9 355703 8 356407 8 357112 7 357816 6 358520 6 359224 6
d8bfd1dafdc4,304351 4 304356 1 304359 2 304362 7 305052 24 305755 28 306457 32 307160 34 307864 35 308567 36 309271 37 309975 37 310679 37 311384 36 312088 36 312793 35 313497 35 314202 34 314907 33 315611 33 316316 32 317020 32 317724 32 318428 31 319132 31 319837 30 320541 30 321245 30 321949 30 322653 30 323357 31 324061 31 324765 31 325469 31 326173 31 326877 32 327581 32 328285 32 328990 31 329695 30 330402 27 331110 23 331815 22 332519 22 333226 20 333933 17 334637 17 335342 16 336047 15 336752 14 337457 12 338163 10 338869 7
d8bfd1dafdc4,350840 9 351539 23 352241 25 352947 24 353660 16 354368 22 355074 21 355780 14 356486 15 357192 17 357897 17 358603 17 359309 18 360014 20 360720 19 361425 19 362131 18 362836 18 363541 19 364246 19 364952 17
d8bfd1dafdc4,162738 11 163438 17 164139 21 164840 25 165542 28 166243 33 166945 39 167647 46 168349 51 169050 53 169753 52 170455 53 171158 36 171206 5 171861 29 172564 25 173267 23 173970 21 174673 19 175376 18 176080 16 176783 15 177486 14 178189 13 178892 13 179595 12 180298 11 181002 9 181705 8 182409 6 183112 5 183817 4
d8bfd1dafdc4,109263 5 109966 7 110670 8 111374 11 112079 13 112785 12 113488 15 114192 17 114896 18 115600 20 116305 20 117009 22 117714 22 118419 23 119124 23 119829 23 120535 22 121240 22 121946 12 121960 11
d8bfd1dafdc4,109043 2 109747 3 110450 4 111154 4 111858 4 112562 4 113265 5 113969 4 114673 4 115377 4 116081 3 116784 4 117488 4 118192 4 118895 5 119599 5 120303 4 121007 4 121711 4 122414 5 123118 4 123822 4 124526 4 125230 4 125933 5 126637 5 127341 4 128044 5 128748 5 129452 5 130155 6 130858 8 131560 11 131589 4 132259 18 132288 9 132963 38 133667 38 134370 38 135073 38 135775 37 136480 35 137184 34 137889 33 138594 31 139299 29 140004 27 140709 25 141414 15 141431 7 142120 9 142138 4 142825 7 143531 4
d8bfd1dafdc4,214252 5 214956 6 215661 6 216365 7 217070 7 217775 7 218480 7 219185 6 219890 6 220594 7 221299 7 222004 7 222709 7 223413 8 224118 7 224823 7 225528 7 226233 6 226937 7 227642 7 228346 8 229050 9 229755 9 230459 11 231163 12 231868 13 232572 15 233276 16 233980 16 234683 16 235387 15 236091 15 236795 13 237498 13 238203 10
d8bfd1dafdc4,279511 1 280214 2 280917 3 281621 3 282324 4 283028 4 283731 4 284435 4 285138 5 285842 5 286545 6 287249 6 287953 6 288656 7 289359 8 290063 8 290766 8 291470 8 292174 8 292877 9 293581 9 294284 9 294988 9 295691 10 296395 10 297098 11 297802 11 298505 12 299208 12 299912 12 300615 13 301319 13 302023 13 302726 14 303430 14 304134 14 304838 14 305542 13 306245 14 306949 14 307653 14 308357 13 309061 13 309765 12 310469 12 311175 9 311880 8 312585 6 313290 4 313995 2
d8bfd1dafdc4,17260 1 17960 19 18664 21 19367 25 20070 29 20774 35 21477 39 22180 43 22884 43 23588 44 24292 44 24996 45 25701 44 26404 46 27109 46 27813 47 28518 47 29222 48 29927 48 30633 47 31339 45 32045 44 32752 42 33461 39 34170 36 34878 33 35585 32 36301 22 37008 19 37714 17 38426 7
d8bfd1dafdc4,212610 2 212614 1 213314 9 214018 10 214722 10 215426 12 216130 12 216834 12 217538 13 218242 13 218946 14 219650 14 220354 14 221058 14 221762 14 222466 14 223171 13 223875 13 224580 12 225284 13 225989 12 226693 12 227398 11 228102 11 228807 10 229511 11 230216 10 230920 10 231625 9 232329 10 233033 10 233737 11 234441 11 235145 11 235849 12 236554 11 237258 12 237962 12 238666 13 239370 13 240074 14 240779 14 241483 14 242187 15 242891 15 243595 15 244300 15 245004 16 245708 16 246412 16 247116 16 247820 17 248524 17 249229 16 249933 16 250637 16 251341 16 252046 15 252750 15 253455 14 254160 12 254866 10 255573 6
d8bfd1dafdc4,99117 2 99821 4 100525 6 101230 7 101934 4 101939 3 102638 4 102646 1 103343 3 103350 1 104047 5 104053 4 104752 10 105457 9 106161 9 106865 10 107569 10 108273 11 108977 11 109681 12 110384 13 111088 6 111099 2 111792 7 111805 1 112496 8 113203 5 113214 1 113908 3 113918 2 114613 2 114616 3 114623 1 115318 5 115328 1 116022 5 116033 1 116729 2 116737 2 117433 3 117442 2 118138 2 118147 2 118842 1 118853 1 119546 1 119557 2 120250 2 120263 1 120946 2 120953 3 120967 2 121653 8 121672 2 122360 7 122378 1 123067 4 123082 1 123774 3 123787 1 124481 1 124492 1 125197 1 125902 1 128709 1
d8bfd1dafdc4,102785 2 103489 3 104193 3 104897 3 105601 4 106305 4 107009 4 107713 4 108417 4 109121 5 109825 5 110529 6 111233 6 111938 6 112642 6 113346 7 114050 8 114755 7 115459 8 116162 9 116866 9 117570 10 118274 10 118977 14 119681 16 120385 18 121089 20 121794 21 122501 22 123207 25 123913 24 124619 21 125326 5 125335 7
d8bfd1dafdc4,125559 3 126256 21 126299 11 126958 28 126993 21 127651 6 127660 55 128352 57 129054 54 129756 52 130460 49 131163 44 131868 37 132574 30 133283 17
d8bfd1dafdc4,325449 3 326151 7 326854 9 327557 11 328260 12 328964 13 329667 14 330371 14 331075 14 331779 14 332483 14 333187 14 333891 13 334595 13 335299 12 336003 11 336707 10 337411 9 338116 7 338821 5 339526 3 340230 2 340934 2 341638 1
d8bfd1dafdc4,140706 3 141409 5 142112 7 142816 9 143520 10 144224 12 144929 12 145634 13 146338 14 147043 14 147747 15 148451 16 149156 16 149860 16 150564 17 151269 18 151973 19 152678 19 153382 19 154086 18 154791 16 155496 15 156201 13 156907 11 157612 9
d8bfd1dafdc4,209172 6 209876 10 210581 13 211286 18 211991 22 212696 27 213401 29 214107 29 214813 28 215519 27 216226 26 216932 25 217638 24 218344 24 219050 24 219758 21 220465 21 221173 19 221879 20 222587 18 223295 17 224003 15 224710 15 225417 14 226124 14 226830 15 227537 15 228244 13 228951 8 229658 1
d8bfd1dafdc4,127014 3 127715 7 128415 9 129120 6 130529 2 131905 5 132604 7 133300 16 133997 23 134712 13 135416 12 136120 13 136825 11 137528 12 137561 5 138261 9 138957 16 139618 29 139651 2 140317 35 140353 10 141019 21 141041 6 141721 19 142423 20 143127 20 143836 13
d8bfd1dafdc4,344297 12 344990 1 344997 23 345685 43 346379 1 346385 47 347081 56 347782 59 348485 60 349188 61 349892 61 350595 62 351299 62 352003 63 352708 62 353412 63 354116 63 354820 63 355524 64 356228 64 356932 64 357636 64 358340 64 359044 65 359748 65 360452 65 361155 66 361860 64 362564 64 363268 64 363972 63 364676 62
d8bfd1dafdc4,133249 3 133950 7 134651 10 135353 11 136056 12 136757 15 137458 18 138159 20 138859 23 139551 33 140253 34 140954 37 141655 39 142357 40 143060 40 143762 40 144464 39 145165 41 145868 38 146570 36 147270 35 147971 35 148672 34 149373 31 150074 30 150775 30 151477 29 152180 29 152883 28 153586 28 154290 26 154993 25 155696 24 156399 8 156409 13 157101 7 157114 7 157803 7 157819 3 158504 10 159208 9 159912 9 160617 7 161321 5
d8bfd1dafdc4,168179 3 168883 4 169586 6 170291 7 170995 8 171700 8 172404 9 173109 9 173814 9 174518 9 175223 9 175930 7 176635 6 177339 6 178043 7 178748 6 179452 7 180157 6 180861 7 181565 7 182270 7 182974 8 183678 9 184383 9 185087 9 185791 10 186495 11 187199 12 187903 13 188607 14 189311 16 190016 17 190720 19 191425 20 192130 21 192835 22 193541 22 194250 17 194961 10 195669 6
d8bfd1dafdc4,262107 5 262809 12 263512 17 264215 19 264918 21 265621 22 266325 22 267028 24 267732 24 268436 24 269140 25 269844 25 270548 25 271252 25 271957 24 272661 24 273366 23 274070 23 274775 22 275480 21 276184 21 276889 20 277594 18 278299 17 279003 16 279708 15 280414 12 281120 8 281827 3
d8bfd1dafdc4,276860 12 277560 18 278263 21 278967 22 279671 23 280377 22 281084 20 281791 18 282497 17 283204 15 283910 14 284616 12 285322 11 286027 11 286733 9 287439 7 288144 6 288849 5 289556 2
d48ec7815252,270292 5 270995 7 271698 8 272402 8 273105 8 273809 8 274512 8 275215 9 275918 8 276622 7 277325 7 278028 7 278731 7 279434 7 280100 3 280137 7 280804 4 280840 7 281508 6 281543 7 282213 6 282246 8 282918 6 282949 8 283624 5 283652 8 284329 5 284355 9 285035 5 285058 10 285740 6 285760 12 286445 7 286462 14 287151 6 287164 16 287856 8 287865 19 288561 27 289266 25 289971 24 290676 22 291381 21 292085 21 292789 20 293493 20 294197 20 294900 20 295603 21 296306 22 297008 24 297711 25 298414 25 299117 26 299820 28 300522 30 301225 31 301928 8 301939 21 302632 7 302643 22 303336 5 303347 23 304041 2 304051 23 304755 24 305459 8 305470 14 306162 8 306175 13 306866 7 306885 8 307570 6 307590 6 308274 6 308294 6 308977 6 308999 4 309681 6 310385 5 311089 4 311793 3
d48ec7815252,64173 5 64876 8 65579 9 66282 11 66986 11 67689 12 68393 12 69096 13 69799 13 70503 13 71207 12 71910 12 72613 13 73316 13 74020 13 74723 14 75426 14 76130 14 76833 15 77536 16 78239 17 78942 17 79646 17 80349 18 81052 19 81755 20 82459 20 83162 20 83865 21 84569 21 85272 22 85975 23 86679 23 87382 24 88085 25 88789 25 89492 26 90196 26 90899 27 91602 28 92306 28 93009 29 93713 29 94416 31 95120 32 95824 33 96527 34 97231 35 97935 35 98638 37 99342 37 100045 39 100749 38 101453 38 102156 39 102859 39 103562 39 104265 38 104968 38 105671 38 106375 37 107079 36 107783 35 108487 34 109196 28 109901 27 110605 26 111310 24 112014 23 112718 23 113422 22 114126 22 114831 20 115535 20 116239 19 116944 18 117649 16 118354 15 119060 12 119765 11 120471 8 121177 3
d48ec7815252,198044 4 198747 7 199449 10 200152 14 200853 18 201554 23 202256 26 202957 30 203657 35 204359 37 205062 39 205766 40 206470 41 207174 41 207878 41 208582 41 209286 41 209990 39 210693 35 211396 29 212099 27 212802 24 213505 23 214208 22 214911 21 215614 20 216318 18 217022 17 217726 15 218432 11
d48ec7815252,208241 5 208945 6 209648 8 210351 9 211055 9 211758 10 212462 10 213167 9 213872 8 214576 8 215279 9 215983 10 216686 12 217389 16 218092 24 218795 27 219498 28 220201 29 220904 29 221607 29 222310 29 223013 28 223716 28 224419 28 225123 26 225827 25 226531 24 227236 4 227246 11 227951 9 228655 8 229359 7 230063 7 230767 6 231471 6 232175 6 232879 6 233583 6 234287 6 234991 6 235695 5 236400 4
d48ec7815252,58399 2 59100 6 59802 9 60506 10 61209 12 61913 12 62617 13 63321 13 64025 14 64729 14 65433 15 66137 16 66841 16 67545 17 68249 17 68953 18 69657 19 70361 20 71065 20 71769 21 72473 22 73177 23 73881 24 74585 25 75289 26 75993 28 76697 29 77401 30 78106 30 78810 31 79514 31 80218 31 80922 25 81626 23 82330 22 83034 21 83738 20 84442 19 85147 17 85851 16 86555 15 87259 14 87963 13 88667 12 89371 12 90075 11 90779 10 91483 10 92187 9 92891 8 93596 7 94300 6 95005 5 95710 3
d48ec7815252,82231 5 82934 7 83637 9 84339 12 85042 15 85745 17 86449 18 87153 19 87857 21 88564 20 89273 18 89979 20 90684 24 91390 26 92095 27 92800 28 93505 27 94210 26 94915 24 95620 23 96325 21 97029 20 97734 18 98439 17 99144 15 99848 14 100553 12 101258 9 101962 8 102667 4
d48ec7815252,169772 8 170474 12 171178 13 171881 15 172585 17 173289 18 173994 18 174699 18 175405 17 176110 17 176815 18 177520 19 178225 20 178929 23 179634 24 180339 26 181043 28 181748 28 182452 29 183157 29 183861 30 184565 31 185269 31 185973 32 186677 33 187381 35 188085 35 188790 35 189494 37 190200 5 190212 24 190920 22 191627 21 192335 19 193042 19 193749 18 194458 16 195166 15 195873 15 196579 15 197286 16 197992 16 198700 15 199405 17 200112 16 200819 15 201527 13 202236 10 202944 8 203651 5
d48ec7815252,56557 4 57260 6 57963 8 58665 12 59361 21 60059 27 60760 30 61461 31 62161 33 62863 33 63566 33 64269 32 64973 31 65677 31 66381 30 67085 30 67789 30 68493 30 69198 29 69903 28 70607 28 71312 27 72017 26 72721 26 73426 24 74130 23 74835 21 75539 19 76243 17 76947 12 77651 8 78355 5
d48ec7815252,176039 3 176741 5 177437 4 177445 6 178142 13 178846 13 179551 13 180255 13 180959 14 181664 13 182369 12 183073 13 183777 13 184481 13 185186 12 185890 13 186595 12 187299 12 188004 11 188708 11 189413 10 190118 9 190822 10 191527 9 192231 10 192936 9 193641 8 194345 9 195050 8 195754 8 196459 7 197163 8 197868 7 198572 7 199277 7 199981 7 200686 6 201390 7 202094 7 202799 6 203503 7 204207 7 204912 7 205616 7 206320 8 207024 8 207729 7 208434 7 209138 7 209843 7 210548 6 211252 6 211957 6 212661 7 213366 6 214070 7 214775 6 215480 6 216184 6 216889 6 217593 6 218298 6 219003 5 219707 6 220412 5 221116 6 221821 6 222525 6 223230 6 223934 6 224639 6 225344 5 226048 6 226753 5 227458 5 228162 5 228867 4 229572 2
d48ec7815252,315287 2 315990 4 316694 4 317398 5 318102 5 318806 5 319511 5 320215 5 320919 6 321623 6 322328 5 323032 5 323736 6 324440 7 325145 6 325849 7 326553 8 327258 12 327962 15 328667 16 329371 17 330076 18 330780 19 331485 19 332190 20 332895 20 333600 20 334306 19 335002 5 335013 16 335705 7 335718 16 336408 8 336423 16 337112 9 337127 16 337817 8 337832 16 338522 7 338536 17 339230 4 339240 17 339936 4 339944 18 340642 25 341347 25 342053 23 342759 22 343464 22 344169 23 344874 24 345579 25 346284 9 346294 16 346989 7 347001 14 347694 7 347702 2 347706 15 348399 9 348412 2 348415 13 349104 8 349120 14 349811 6 349825 14 350517 4 350530 14 351222 7 351234 15 351927 7 351938 15 352633 6 352642 15 353338 6 353346 15 354043 22 354748 21 355453 20 356159 18 356864 16 357569 15 358273 9 358285 1 358978 7 359682 7 360387 6
d48ec7815252,150329 7 151031 11 151733 15 152436 18 153139 21 153842 23 154545 26 155248 29 155283 4 155926 3 155949 43 156629 7 156650 45 157333 10 157350 48 158037 64 158741 62 159445 61 160150 59 160856 56 161563 52 162269 49 162976 45 163683 41 164391 37 165097 34 165804 31 166511 27 167216 26 167922 24 168627 22 169332 21 170037 20 170742 19 171447 17 172151 17 172856 16 173560 16 174265 15 174969 15 175673 15 176378 13 177082 13 177786 13 178491 12 179195 12 179899 12 180604 10 181308 10 182012 10 182717 9 183421 9 184125 9 184830 8 185534 9 186239 8 186943 8 187648 7 188352 8 189056 8 189761 7 190465 7 191170 7 191874 7 192579 6 193283 6 193988 5 194692 6 195397 5 196101 5 196806 5 197510 5 198215 4 198919 4
d48ec7815252,6668 5 7372 4 8076 4 8780 3 9483 4 10187 3 10891 3 11594 4 12297 4 13001 4 13704 5 14407 6 15111 5 15814 5 16518 5 17221 6 17925 5 18628 5 19332 5 20035 6 20738 6 21442 6 22145 7 22849 6 23553 6 24256 7 24959 7 25663 7 26366 8 27070 7 27773 8 28477 7 29181 7 29885 6 30588 7 31292 7 31996 6 32699 7 33403 7 34107 6 34810 7 35514 6 36218 6 36922 6 37625 6 38329 6 39032 7 39736 7 40439 7 41142 8 41846 8 42549 8 43253 8 43956 9 44659 9 45363 9 46066 10 46769 11 47472 11 48175 12 48877 14 49581 13 50283 14 50986 14 51689 14 52392 13 53094 13 53797 13 54500 13 55203 12 55906 12 56608 13 57309 14 58012 14 58714 14 59416 13 60118 14 60821 13 61524 12 62228 11 62932 9 63636 6 64342 1
d48ec7815252,5986 5 6689 7 7393 7 8097 7 8800 8 9503 9 10206 10 10910 10 11613 11 12317 11 13020 11 13724 11 14427 12 15131 12 15835 12 16538 12 17242 12 17946 12 18650 12 19354 11 20057 12 20761 12 21465 11 22169 11 22872 12 23576 12 24279 13 24983 13 25686 13 26390 13 27093 14 27796 15 28499 16 29203 16 29906 17 30609 18 31312 18 32015 19 32719 19 33422 20 34125 20 34828 21 35531 22 36234 22 36937 23 37640 23 38344 23 39047 23 39750 23 40454 23 41158 22 41861 22 42565 21 43269 20 43973 19 44676 19 45380 18 46084 17 46788 16 47492 15 48196 15 48900 14 49605 12 50309 11 51013 11 51718 9 52422 8 53126 8 53831 6 54535 6 55239 5 55944 3
d48ec7815252,194584 7 195286 10 195989 12 196693 12 197397 13 198102 12 198807 11 199512 11 200216 11 200921 10 201626 9 202331 9 203036 8 203740 9 204445 9 205149 9 205854 9 206558 11 207263 11 207967 12 208671 13 209376 14 210080 15 210785 16 211489 17 212193 19 212897 20 213601 21 214305 23 215009 24 215713 26 216417 28 217121 30 217825 32 218529 33 219234 32 219938 31 220642 29 221347 28 222051 27 222756 26 223461 24 224167 18
d48ec7815252,333799 4 334501 9 335203 13 335905 17 336608 19 337310 21 338014 22 338717 24 339420 25 340124 26 340827 28 341530 30 342233 32 342937 32 343640 34 344342 37 345045 39 345748 42 346452 42 347156 44 347860 44 348566 43 349276 39 349982 38 350687 38 351392 38 352096 39 352800 40 353503 43 354206 45 354909 48 355612 50 356314 55 357016 13 357031 42 357719 8 357736 41 358422 6 358449 32 359127 2 359156 29 359862 27 360568 24 361274 22 361980 20 362685 18 363394 11
d48ec7815252,84715 3 85417 7 86120 9 86822 12 87525 14 88227 17 88930 20 89633 22 90337 24 91041 25 91745 27 92449 28 93153 29 93857 31 94562 33 94602 15 95266 55 95970 56 96675 55 97379 54 98084 52 98788 51 99494 49 100198 48 100903 47 101608 46 102313 45 103018 44 103723 43 104427 44 105132 44 105836 44 106541 43 107245 44 107949 44 108654 43 109358 43 110062 43 110766 43 111470 42 112175 41 112879 41 113583 41 114287 40 114991 40 115696 39 116400 39 117105 38 117809 37 118513 37 119218 36 119923 35 120627 35 121331 35 122036 36 122741 37 123446 36 124151 34 124856 32 125561 30 126266 28 126970 28 127675 25 128380 24 129084 23 129789 21 130494 19 131198 18 131904 15 132611 6
d48ec7815252,111940 13 112643 14 113346 16 114050 17 114754 18 115458 21 116162 22 116866 22 117570 22 118274 23 118978 23 119006 1 119682 22 119710 1 120386 22 120414 2 121090 21 121118 3 121794 21 121822 4 122498 21 122525 5 123202 22 123229 5 123906 22 123932 6 124610 22 124635 6 125314 24 125339 5 126018 24 126043 4 126722 23 127426 22 128130 22 128834 21 129538 21 130242 21 130946 20 131650 20 132354 20 133058 20 133762 20 134466 20 135170 20 135874 20 136578 20 137282 20 137986 21 138690 21 139394 21 140098 21 140802 22 141506 22 142210 22 142914 22 143619 22 144323 22 145027 22 145731 23 146436 22 147140 22 147844 22 148549 22 149253 22 149958 21 150665 19 151370 18 152075 17 152780 17 153484 17 154188 18 154893 17 155597 17 156301 18 157005 18 157709 19 158413 19 159118 19 159822 19 160526 19 161230 20 161934 20 162638 21 163342 21 164046 21 164750 21 165453 23 166157 23 166860 24 167564 24 168268 25 168973 24 169678 23 170386 19 171093 16 171799 14 172504 13 173209 12 173913 12 174620 8
d48ec7815252,2050 5 2754 5 3458 5 4162 5 4866 5 5570 5 6274 5 6977 6 7681 6 8385 6 9089 6 9793 6 10497 6 11201 6 11905 6 12609 6 13312 7 14016 7 14720 7 15424 7 16128 8 16832 8 17536 8 18240 8 18944 9 19648 9 20352 10 21056 10 21760 11 22464 12 23168 12 23872 12 24575 14 25279 14 25983 15 26687 15 27391 15 28094 17 28798 17 29502 17 30206 18 30910 18 31613 20 32317 21 33022 21 33726 22 34430 23 35134 24 35838 26 36542 28 37246 31 37950 33 38655 35 39359 35 40063 35 40768 34 41472 21 41503 3 42176 20 42881 18 43586 16 44291 15 44996 14 45701 12 46405 12 47110 11 47817 2 47820 3
d48ec7815252,228364 2 229066 9 229768 11 230470 12 231172 13 231874 14 232577 14 233279 14 233981 15 234682 16 235384 16 236086 16 236788 17 237489 18 238191 19 238893 19 239593 22 240294 24 240994 27 241650 32 241693 31 242346 82 243047 84 243750 84 244454 83 245159 81 245865 78 246571 75 247278 71 247986 65 248696 58 249407 50 250115 45 250824 39 251532 33 252239 29 252946 25 253653 21 254358 19 255064 15
d48ec7815252,258496 2 259199 5 259902 7 260606 8 261310 8 262014 9 262718 9 263422 9 264126 9 264830 9 265534 9 266238 9 266942 9 267646 9 268350 9 269054 9 269758 9 270462 9 271167 8 271871 8 272575 8 273279 8 273983 8 274687 7 275391 7 276095 7 276799 7 277503 7 278207 7 278911 7 279615 7 280319 7 281023 7 281727 7 282431 7 283136 6 283840 6 284544 6 285248 6 285952 6 286656 6 287360 6 288064 6 288768 6 289472 7 290177 6 290881 6 291585 6 292289 6 292993 6 293697 6 294401 6 295105 6 295809 6 296513 6 297217 6 297921 7 298625 7 299329 7 300033 7 300737 8 301441 8 302144 9 302848 10 303552 10 304256 10 304960 10 305664 10 306368 11 307072 11 307776 11 308479 13 309183 13 309887 15 310590 17 311294 20 311997 22 312701 22 313405 23 314108 23 314812 23 315515 23 316218 24 316922 23 317624 24 318325 26 319027 27 319730 28 320433 28 321136 29 321839 29 322543 29 323247 28 323950 29 324654 29 325358 29 326062 29 326766 29 327469 30 328173 30 328878 29 329582 29 330286 29 330990 29 331694 28 332398 28 333103 27 333807 27 334512 26 335216 25 335922 23 336627 21 337331 20 338036 18 338741 16 339446 14 340151 13 340856 10
d48ec7815252,49600 1 50301 7 51004 9 51707 11 52411 11 53115 11 53819 12 54523 12 55227 12 55931 13 56635 16 57338 17 58043 16 58747 16 59451 16 60155 16 60859 16 61563 16 62267 16 62971 16 63675 16 64379 16 65083 16 65786 17 66490 17 67194 18 67898 18 68602 18 69306 18 70009 19 70713 19 71416 20 72120 20 72823 21 73527 21 74231 21 74935 21 75638 22 76342 23 77046 23 77749 25 78453 25 79157 26 79860 28 80563 30 81267 31 81970 34 82673 39 83376 43 84079 45 84782 46 85485 47 86187 49 86888 51 87591 51 88294 50 88996 49 89699 48 90401 48 91103 48 91806 47 92509 46 93212 45 93915 44 94618 44 95322 30 95356 8 96027 25 96063 4 96732 21 97441 12
d48ec7815252,86527 4 87228 10 87930 15 88632 19 89335 21 90036 25 90736 29 91427 4 91435 35 92134 2 92138 38 92838 42 93534 3 93542 42 94238 3 94246 28 94284 3 94941 4 94950 21 95644 5 95653 17 96348 5 96357 15 97051 23 97754 22 98457 21 99160 19 99862 18 100565 12 101267 13 101970 12 102673 10 103377 7 104080 6
d48ec7815252,288124 4 288828 5 289532 6 290236 7 290940 7 291644 8 292349 8 293053 9 293757 10 294461 11 295166 10 295870 11 296574 12 297278 13 297982 13 298686 14 299391 14 300095 14 300799 15 301503 16 302208 16 302913 16 303617 17 304322 16 305027 16 305732 15 306437 15 307141 15 307846 14 308551 14 309256 13 309961 12 310666 12 311370 12 312075 11 312780 10 313484 10 314189 10 314893 10 315597 10 316302 10 317007 9 317712 8 318417 8 319122 7 319827 6 320531 7 321236 6 321940 7 322645 6 323349 7 324054 6 324758 7 325463 6 326167 7 326872 7 327577 6 328281 7 328986 6 329690 7 330395 7 331100 6 331804 7 332509 6 333214 6 333918 6 334623 5 335327 5 336032 4
d48ec7815252,61315 1 62015 8 62718 10 63421 13 64124 15 64827 17 65529 19 66232 22 66936 22 67638 25 68342 25 69045 26 69748 28 70451 30 71154 31 71857 33 72515 3 72556 40 73219 6 73254 46 73923 9 73951 10 73964 41 74626 14 74651 14 74670 40 75330 38 75374 41 76034 17 76052 19 76078 42 76738 15 76763 8 76772 3 76781 44 77442 16 77468 61 78146 16 78173 60 78850 16 78877 60 79554 21 79578 63 80258 87 80963 85 81667 85 82371 84 83075 83 83779 81 84484 77 85188 75 85893 64 85959 7 86597 59 86664 5 87301 56 88005 52 88709 48 89414 43 90118 37 90822 34 91527 16 91547 11 92231 14 92252 8 92935 11 92958 4 93640 8 94345 5
d48ec7815252,229948 11 230648 16 231348 21 232046 27 232748 29 233450 31 234152 33 234855 34 235558 35 236261 36 236964 37 237668 36 238371 36 239075 35 239778 36 240482 35 241185 35 241888 35 242591 36 243294 36 243997 37 244699 38 245402 38 246105 38 246808 38 247506 42 248207 44 248911 43 249614 43 250318 42 251022 42 251727 40 252430 40 253133 40 253836 41 254539 41 255242 41 255945 41 256648 42 257352 41 258055 40 258759 39 259463 38 260167 37 260871 36 261575 35 262278 35 262982 34 263686 33 264390 32 265094 31 265798 30 266501 30 267205 29 267909 28 268612 28 269316 27 270020 26 270724 25 271427 25 272131 24 272835 23 273538 23 274241 23 274945 22 275649 21 276352 21 277055 21 277759 21 278462 21 279165 21 279869 21 280572 21 281275 21 281978 22 282680 23 283383 23 284086 23 284790 23 285493 23 286197 23 286901 22 287605 21 288310 19 289015 16 289721 13
d48ec7815252,152724 9 153427 9 154129 10 154832 11 155534 12 156236 13 156938 14 157640 16 158345 15 159049 14 159753 14 160457 13 161162 11 161866 10 162570 10 163274 9 163978 9 164682 8 165386 7 166089 7 166792 8 167495 8 168199 7 168903 6 169606 7 170309 7 171013 7 171716 7 172419 6 173122 6 173825 7 174528 7 175231 7 175935 7 176638 8 177342 7 178044 7 178748 7 179451 7 180155 6 180858 6 181561 7 182264 7 182968 6 183671 6 184374 6 185077 6 185780 7 186484 6 187187 6 187890 6 188593 6 189296 7 190000 6 190703 6 191406 6 192110 6 192813 6 193516 5 194219 6 194922 6 195626 6 196329 7 197033 6 197736 7 198439 6 199142 7 199845 7 200549 6 201252 7 201955 7 202658 7 203361 8 204064 8 204766 9 205470 9 206173 9 206876 9 207579 10 208282 11 208984 13 209687 13 210390 14 211092 16 211795 17 212498 18 213201 19 213903 22 214606 24 215309 37 216012 23 216040 9 216715 19 217417 18 218120 18 218823 17 219526 16 220230 14 220933 13 221636 13 222339 13 223043 12 223750 6
d48ec7815252,220449 19 221149 26 221852 31 222555 37 223258 44 223961 50 224664 54 225367 56 226071 57 226774 59 227477 61 228180 62 228883 64 229586 65 230289 67 230993 67 231697 67 232401 68 233105 68 233809 69 234514 68 235219 68 235925 67 236632 65 237337 65 238043 63 238749 62 239456 59 240162 57 240868 55 241573 54 242279 52 242984 51 243690 49 244395 48 245100 47 245805 46 246510 45 247215 44 247920 42 248626 39 249331 36 250036 34 250741 32 251446 29 252151 26 252856 23 253561 20 254266 16 254971 13 255676 11 256382 8
d48ec7815252,105227 8 105931 15 106636 35 106750 9 106766 11 107341 79 107450 31 108047 138 108752 136 109462 127 110178 111 110906 86 111624 71 112339 57 113051 47 113759 42 114465 37 115172 30 115877 12 116583 2
d48ec7815252,359554 8 360256 11 360958 14 361661 19 361734 12 362364 35 362436 31 363068 43 363138 36 363772 57 363838 45 364478 112 365185 109 365906 92
d48ec7815252,108289 4 108992 6 109695 8 110399 9 111102 11 111806 11 112509 12 113212 13 113916 13 114619 14 115322 15 116025 15 116728 16 117432 15 118135 15 118839 14 119542 15 120246 14 120950 12 121654 11 122358 11 123061 11 123764 11 124467 12 125170 12 125873 13 126576 13 127279 13 127982 14 128685 13 129388 13 130090 14 130793 14 131495 15 132197 14 132899 15 133584 7 133601 17 134285 36 134988 37 135693 36 136398 35 137108 28 137821 19 138531 12 139237 9 139942 6
d48ec7815252,252881 6 253584 10 254288 11 254991 13 255695 14 256399 15 257103 15 257807 16 258511 16 259216 16 259920 17 260624 17 261328 18 262033 17 262737 18 263442 18 264146 19 264851 18 265556 18 266260 19 266965 18 267669 19 268374 19 269079 18 269783 19 270488 19 271193 18 271898 18 272603 17 273308 17 274013 17 274717 17 275422 17 276127 16 276832 16 277536 17 278241 17 278946 16 279651 16 280356 15 281060 16 281765 15 282470 15 283175 14 283880 14 284585 13 285290 13 285995 13 286699 13 287404 13 288109 12 288814 12 289518 12 290223 11 290927 11 291632 10 292336 11 293041 10 293745 10 294450 9 295154 9 295858 9 296563 8 297268 7 297972 7 298677 6 299382 5 300088 2
d48ec7815252,3523 9 4226 14 4931 18 5635 23 6341 29 7050 32 7762 28 8468 28 9177 26 9885 24 10593 22 11302 20 12009 20 12716 21 13424 21 14131 21 14838 21 15545 22 16252 26 16959 25 17665 26 18373 23 19080 23 19786 23 20493 23 21199 23 21906 23 22613 23 23321 24 24028 23 24734 23 25441 21 26148 19 26854 18 27561 17 28268 15 28975 13 29683 9 30393 1
d48ec7815252,313265 3 313968 4 314672 4 315376 4 316080 3 316784 2 317487 3 318191 3 318894 3 319597 3 320258 4 320299 5 320962 6 321002 5 321666 7 321705 5 322371 8 322408 6 323076 8 323110 6 323780 10 323798 22 324485 11 324500 24 325190 37 325896 35 326601 34 327306 33 328011 32 328716 31 329421 30 330127 26 330834 22 331539 19 332245 16 332950 14 333655 11 334359 9 335063 7 335767 6 336471 6 337175 6 337879 5 338583 5 339286 6 339990 5 340693 6 341397 6 342101 5 342805 5 343510 3
d48ec7815252,7758 4 8465 3 9172 5 9878 7 10588 5 11298 4 12006 3 12712 4 13419 5 14127 4 14834 4 15540 5 15567 1 16246 6 16953 6 17661 4 18368 5 19075 5 19782 4 20488 5 21196 3 21904 2 22610 3 23317 4 24023 5 24729 5 25436 5 26143 5 26849 5 27555 6 28261 7 28283 1 28968 7 28988 2 29674 9 29692 4 30380 13 30394 8 31086 20 31792 19 32497 19 33203 18 33908 19 34614 18 35320 17 36026 16 36732 15 37437 16 38142 17 38848 16 39554 16 40260 15 40966 15 41672 15 42377 17 43083 16 43789 15 44495 14 45200 14 45906 13 46612 12 47317 12 48023 11 48728 9 49437 3
d48ec7815252,115923 2 116625 7 117330 7 118034 9 118738 9 119443 9 120148 8 120853 8 121558 7 122262 7 122966 7 123670 7 124375 6 125079 6 125782 7 126486 7 127190 7 127894 7 128597 8 129301 8 130004 9 130708 9 131411 10 132115 10 132819 10 133522 11 134226 11 134930 11 135633 12 136337 12 137040 14 137744 14 138447 15 139151 15 139854 16 140558 16 141261 17 141964 18 142668 18 143372 19 144075 20 144778 21 145482 21 146185 22 146888 23 147591 24 148293 26 148995 28 149697 30 150399 32 151100 35 151801 38 152493 50 153177 70 153878 73 154580 75 155282 1 155287 72 155992 71 156695 72 157398 73 158101 74 158803 76 159506 14 159550 33 160209 12 160259 27 160912 7 160967 23 161615 3 161674 19 162379 18 163085 15 163790 14 164495 13 165200 11 165905 9 166610 7
d48ec7815252,101857 1 102558 5 103261 7 103964 8 104667 10 105369 12 106072 13 106777 12 107481 13 108185 13 108888 14 109589 17 110289 22 110992 23 111695 24 112396 27 113099 29 113804 28 114509 27 115214 27 115920 3 115925 20 116632 17 117337 17 118043 15 118747 16 119452 15 120156 16 120861 15 121565 16 122269 16 122973 17 123677 18 124381 19 125085 19 125789 20 126493 21 127197 22 127901 24 128605 28 129309 29 130013 32 130717 33 131421 35 132125 35 132829 36 133533 37 134237 37 134941 37 135645 38 136349 38 137054 37 137758 37 138462 37 139166 37 139870 37 140574 36 141278 36 141982 36 142686 36 143391 34 144095 34 144799 33 145503 32 146207 31 146911 30 147615 28 148319 26 149023 24 149727 22 150431 21 151135 19 151839 18 152543 17 153247 16 153951 15 154655 14 155359 13 156063 12 156767 11 157471 10 158175 9 158879 8 159583 7 160286 7 160990 6 161693 5 162397 4
d48ec7815252,334628 2 334631 5 335332 9 336036 10 336736 15 337440 15 338144 15 338848 15 339552 15 340257 14 340961 13 341666 12 342370 12 343075 10 343781 8 344486 8 345190 8 345895 7 346600 7 347304 7 348009 7 348713 8 349418 7 350123 7 350827 7 351532 7 352236 7 352941 6 353645 7 354350 7 355054 7 355759 6 356463 7 357168 6 357872 7 358577 6 359281 7 359986 6 360690 7 361395 6 362099 7 362804 6 363508 7 364213 6 364918 5
d48ec7815252,137813 8 138518 13 139223 14 139928 14 140632 19 141337 18 142041 19 142745 21 143450 21 144154 22 144859 22 145565 20 146270 20 146974 21 147678 22 148382 22 149086 23 149790 23 150494 24 151198 24 151903 24 152608 24 153312 24 154016 25 154721 25 155425 26 156130 26 156834 28 156874 21 157539 65 158243 68 158948 67 159652 67 160357 64 161061 64 161766 63 162471 60 163175 58 163880 54 164585 51 165290 46 165995 40 166699 37 167404 34 168109 29 168813 25 169518 22 170222 19 170927 4 170932 10 171631 1
d48ec7815252,263673 4 264375 8 265078 11 265781 13 266485 13 267188 15 267891 16 268595 17 269299 17 270002 18 270706 18 271410 17 272114 17 272818 17 273523 15 274228 13 274933 12 275638 11 276344 8 277052 3
d48ec7815252,38014 2 38711 9 39411 13 40110 18 40809 23 41511 25 42215 25 42920 24 43626 22 44335 17 45039 17 45744 16 46448 12 46462 2 47152 5 47158 2 47855 5 48558 5 49262 3 56286 6 56986 10 57689 11 58393 6 58401 3 59097 3 59106 2 59800 2 59811 1 60504 2 60516 1 61208 1 61912 1 61925 1 62616 1 63334 1 64743 1 66857 1 68266 1 74610 1 75315 2 76021 1 76726 3 77431 6 78136 6 78841 5 79545 4 80249 4 80947 9 92899 1 94306 1
d48ec7815252,335806 2 336504 9 337207 10 337911 10 338614 11 339318 11 340022 11 340726 11 341430 11 342134 11 342838 11 343542 11 344245 12 344949 12 345654 11 346358 11 347062 11 347768 8 348475 5
d48ec7815252,141470 5 142171 11 142872 16 143575 18 144278 19 144981 21 145683 23 146387 23 147090 25 147794 25 148497 25 149200 26 149904 24 150607 22 151311 20 152013 20 152715 9 152733 2 153417 10 153436 2 154116 13 154139 3 154816 16 154843 2 155518 16 155546 3 156221 15 156249 3 156925 13 156952 3 157628 12 157656 2 158332 13 158360 1 159038 11 159063 1 159746 7 160453 4 160470 1 161159 3 161173 1 161864 2 161876 2 162569 1 162580 1 163273 1 163283 1 163987 1
d48ec7815252,103092 20 103794 25 104496 30 104666 1 105197 30 105235 1 105363 6 105899 32 105946 2 106061 11 106600 36 106671 12 106759 7 107301 40 107420 4 107442 8 108003 44 108706 46 109415 47 110119 59 110824 82 111527 45 111598 26 112231 26 112321 18 112932 23 113040 11 113098 1 113632 25 113758 1 113801 3 114337 21 114502 7 115039 19 115170 2 115202 8 115748 10 115876 1 115889 24 116585 19
d48ec7815252,66134 1 66837 2 67539 5 68242 6 68944 7 69637 1 69646 8 70340 2 70349 10 71044 3 71052 11 71746 21 72449 23 73152 24 73855 26 74558 27 75261 28 75965 28 76668 29 77371 29 78073 21 78775 19 79478 18 80182 16 80885 15 81590 11 82294 8 82998 5
d48ec7815252,87357 1 88057 4 88757 8 89457 12 90157 15 90856 19 91558 21 92260 22 92964 22 93670 19 94373 21 95076 21 95779 23 96483 26 97186 27 97890 28 98594 28 99297 28 100001 16 100018 11 100704 15 100723 9 101408 12 101428 4 101433 1 102112 8 102816 5
d48ec7815252,892 7 1595 8 2298 9 3001 10 3704 10 4407 11 5111 10 5815 10 6518 11 7222 10 7926 10 8630 10 9334 9 10038 9 10741 10 11445 10 12149 8 12853 7 13557 6 14261 4 14965 4
d48ec7815252,199511 1 201635 1 203035 1 203044 1 204444 1 205158 1 205863 1 207262 1 209375 1 210784 1 211488 1 212192 1 213622 1 217857 1 218562 3 219266 5 219969 9 220671 13 221375 15 222078 18 222782 20 223460 1 223485 23 224164 3 224185 29 224869 11 224895 26 225603 24 226311 25 227018 28 227724 32 228431 21 229138 11 229847 3
d48ec7815252,199644 1 200346 5 201050 5 201753 6 202456 8 203160 8 203863 10 204567 10 205271 10 205975 10 206678 12 207382 12 208086 12 208789 13 209492 15 210196 15 210899 16 211603 17 212307 17 213011 18 213715 18 214418 19 215122 20 215826 20 216530 21 217233 22 217937 23 218640 25 219344 26 220047 28 220751 31 221454 35 222157 40 222859 48 223562 51 224264 55 224966 58 225666 63 226367 48 226416 17 227067 46 227764 44 227811 3 228462 46 229169 42 229876 38 230583 34 231291 30 232002 22 232711 16 233419 10
